PC_LABOR_COMPLAINANT ตารางข้อมูลคำร้องตามแบบ รง.2,,,,,,,,,,,,,,,,,,,,,,,,,
ลำดับ,ชื่อฟิลด์,คีย์,ชนิคข้อมูล,จำนวน,ค่าว่าง,คำอธิบาย,,,,,,,,,,,,,,,,,,,
1,COMPLAINANT_ID,PK,NUMBER,"10,0",N,รหัสข้อมูลคำร้องตามแบบ รง.2 (AUTO INCREMENT),,,,,,,,,,,,,,,,,,,
2,COURT_ID,,NUMBER,"10,0",Y,รหัสศาล เชื่อมโยงตาราง PC_LOOKUP_COURT,,,,,,,,,,,,,,,,,,,
3,CREATED_BY,,NUMBER,"38,0",N,รหัสผู้สร้างข้อมูล เชื่อมโยง PC_USER_PROFILE,,,,,,,,,,,,,,,,,,,
4,CREATED_DATE,,TIMESTAMP,6,N,วันเวลาที่สร้างข้อมูล,,,,,,,,,,,,,,,,,,,
5,UPDATED_BY,,NUMBER,"38,0",Y,รหัสผู้แก้ไขข้อมูลล่าสุด เชื่อมโยง PC_USER_PROFILE,,,,,,,,,,,,,,,,,,,
6,UPDATED_DATE,,TIMESTAMP,6,Y,วันเวลาที่แก้ไขข้อมูลล่าสุด,,,,,,,,,,,,,,,,,,,
7,REMOVED_BY,,NUMBER,"38,0",N,รหัสผู้ลบข้อมูล เชื่อมโยง PC_USER_PROFILE,,,,,,,,,,,,,,,,,,,
8,REMOVED_DATE,,TIMESTAMP,6,Y,วันเวลาที่ลบข้อมูล,,,,,,,,,,,,,,,,,,,
9,ORDER_NO,,FLOAT,,Y,ลำดับของข้อมูล,,,,,,,,,,,,,,,,,,,
10,CASE_ID,,NUMBER,"10,0",Y,รหัสคดี เชื่อมโยงตาราง PC_CASE,,,,,,,,,,,,,,,,,,,
11,COMPLAINANT_DETAIL,,CLOB,,Y,ข้อมูลรายละเอียดของคำร้อง,,,,,,,,,,,,,,,,,,,
12,ACCEPT_COMPLAINANT,,NUMBER,"1,0",Y,ตัวเลือกขอให้ศาลอนุญาตให้ผู้ร้อง,,,,,,,,,,,,,,,,,,,
13,APPOINTMENT_CONSIDER_DATE,,TIMESTAMP,6,Y,วันที่นัดพิจารณาและสืบพยานโจทก์,,,,,,,,,,,,,,,,,,,
14,APPOINTMENT_CONSIDER_TIME,,VARCHAR2,10 CHAR,Y,เวลานัดพิจารณาและสืบพยานโจทก์,,,,,,,,,,,,,,,,,,,
15,COMPLAINANT_CODE_NO,,NUMBER,"10,0",N,เลขที่คำร้อง (ไม่จำเป็นต้องส่งค่าใด ๆ มา),,,,,,,,,,,,,,,,,,,
16,COMPLAINANT_CODE_YEAR,,VARCHAR2,4,N,ปีที่ออกเลขคำร้อง,,,,,,,,,,,,,,,,,,,
17,COURT_ORDER_DETAIL,,CLOB,,Y,รายละเอียดคำสั่งศาล,,,,,,,,,,,,,,,,,,,
18,JUDGE_ID,,NUMBER,"10,0",Y,รหัสผู้พิพากษา เชื่อมโยง PC_LOOKUP_JUDGE,,,,,,,,,,,,,,,,,,,
19,REQUEST_COURT_ACTION_EMPLOYER,,NUMBER,"1,0",Y,ตัวเลือกขอให้ศาลพิจารณาวินิจฉัยการกระทำของนายจ้าง,,,,,,,,,,,,,,,,,,,
20,REQUEST_COURT_ACTION_EMPLOYER_DETAIL,,VARCHAR2,1000 CHAR,Y,รายละเอียดขอให้ศาลพิจารณาวินิจฉัยการกระทำของนายจ้าง,,,,,,,,,,,,,,,,,,,
21,REQUEST_COURT_ORDER,,NUMBER,"1,0",Y,ตัวเลือกขอให้ศาลมีคำสั่งให้,,,,,,,,,,,,,,,,,,,
22,REQUEST_COURT_ORDER_DETAIL,,VARCHAR2,1000 CHAR,Y,รายละเอียดขอให้ศาลมีคำสั่งให้,,,,,,,,,,,,,,,,,,,
23,REQUEST_COURT_RIGHT_OTHER,,NUMBER,"1,0",Y,ตัวเลือกขอใช้สิทธิ์ทางศาลในกรณีอื่น,,,,,,,,,,,,,,,,,,,
24,REQUEST_COURT_RIGHT_OTHER_DETAIL,,VARCHAR2,1000 CHAR,Y,รายละเอียดขอใช้สิทธิ์ทางศาลในกรณีอื่น,,,,,,,,,,,,,,,,,,,
25,TO_PUNISH,,NUMBER,"1,0",Y,ตัวเลือกลงโทษโดย,,,,,,,,,,,,,,,,,,,
26,TO_PUNISH_DETAIL,,VARCHAR2,1000 CHAR,Y,รายละเอียดลงโทษโดย,,,,,,,,,,,,,,,,,,,
27,TO_REDUCE_WAGE,,NUMBER,"1,0",Y,ตัวเลือกลดค่าจ้าง,,,,,,,,,,,,,,,,,,,
28,TO_REDUCE_WAGE_DETAIL,,VARCHAR2,1000 CHAR,Y,รายละเอียดลดค่าจ้าง,,,,,,,,,,,,,,,,,,,
29,TO_TERMINATED,,NUMBER,"1,0",Y,ตัวเลือกเลิกจ้าง,,,,,,,,,,,,,,,,,,,
30,TO_TERMINATED_DETAIL,,VARCHAR2,1000 CHAR,Y,รายละเอียดเลิกจ้าง,,,,,,,,,,,,,,,,,,,
,,,,,,,,,,,,,,,,,,,,,,,,,
PC_LABOR_COMPLAINANT_ACCUSER ตารางข้อมูลระบบเก็บข้อมูลคำร้องศาลแรงงาน ส่วนผู้ร้อง (รง.2),,,,,,,,,,,,,,,,,,,,,,,,,
ลำดับ,ชื่อฟิลด์,คีย์,ชนิคข้อมูล,จำนวน,ค่าว่าง,คำอธิบาย,,,,,,,,,,,,,,,,,,,
1,ACCUSER_ID,PK,NUMBER,"10,0",N,รหัสข้อมูลระบบบันทึกคดีแรงงาน (รง.2) ส่วนผู้ร้อง (AUTO INCREMENT),,,,,,,,,,,,,,,,,,,
2,CREATED_BY,,NUMBER,"38,0",N,รหัสผู้สร้างข้อมูล เชื่อมโยง PC_USER_PROFILE,,,,,,,,,,,,,,,,,,,
3,CREATED_DATE,,TIMESTAMP,6,N,วันเวลาที่สร้างข้อมูล,,,,,,,,,,,,,,,,,,,
4,ORDER_NO,,FLOAT,,Y,ลำดับของข้อมูล,,,,,,,,,,,,,,,,,,,
5,REMOVED_BY,,NUMBER,"38,0",N,รหัสผู้ลบข้อมูล เชื่อมโยง PC_USER_PROFILE,,,,,,,,,,,,,,,,,,,
6,REMOVED_DATE,,TIMESTAMP,6,Y,วันเวลาที่ลบข้อมูล,,,,,,,,,,,,,,,,,,,
7,UPDATED_BY,,NUMBER,"38,0",Y,รหัสผู้แก้ไขข้อมูลล่าสุด เชื่อมโยง PC_USER_PROFILE,,,,,,,,,,,,,,,,,,,
8,UPDATED_DATE,,TIMESTAMP,6,Y,วันเวลาที่แก้ไขข้อมูลล่าสุด,,,,,,,,,,,,,,,,,,,
9,ACCUSER_AGE,,NUMBER,"10,0",Y,อายุโจทก์,,,,,,,,,,,,,,,,,,,
10,ACCUSER_BIRTHDATE,,TIMESTAMP,6,Y,วันเดือนปีเกิดของโจทก์,,,,,,,,,,,,,,,,,,,
11,ACCUSER_EMAIL,,VARCHAR2,100 CHAR,Y,อีเมล์,,,,,,,,,,,,,,,,,,,
12,ACCUSER_LASTNAME,,VARCHAR2,100 CHAR,Y,นามสกุลโจทก์,,,,,,,,,,,,,,,,,,,
13,ACCUSER_LIT_TYPE_ID,,NUMBER,"10,0",Y,รหัสประเภทคู่ความ เชื่อมโยง PC_LOOKUP_LIT_TYPE,,,,,,,,,,,,,,,,,,,
14,ACCUSER_NAME,,VARCHAR2,100 CHAR,N,ชื่อโจทก์,,,,,,,,,,,,,,,,,,,
15,ACCUSER_NAME_TITLE,,NUMBER,"10,0",Y,รหัสคำนำหน้า เชื่อมโยง PC_LOOKUP_TITLE,,,,,,,,,,,,,,,,,,,
16,ACCUSER_NATIONAL_ID,,NUMBER,"10,0",Y,รหัสสัญชาติ เชื่อมโยง PC_LOOKUP_INTERS,,,,,,,,,,,,,,,,,,,
17,ACCUSER_NATIONAL_ID_CARD,,VARCHAR2,13 CHAR,Y,เลขบัตรประชาชนโจทก์ (max length = 13),,,,,,,,,,,,,,,,,,,
18,ACCUSER_OCCUPATION_ID,,NUMBER,"10,0",Y,รหัสอาชีพ เชื่อมโยง PC_LOOKUP_OCCUPATION,,,,,,,,,,,,,,,,,,,
19,ACCUSER_ORDER_NO,,NUMBER,"10,0",Y,ลำดัับโจท์,,,,,,,,,,,,,,,,,,,
20,ACCUSER_PERSONAL_TYPE_ID,,NUMBER,"10,0",Y,รหัสประเภทบุคคล เชื่อมโยง PC_LOOKUP_PERS_TYPE,,,,,,,,,,,,,,,,,,,
21,ACCUSER_RACE_ID,,NUMBER,"10,0",Y,รหัสเชื้อชาติชาติ เชื่อมโยง PC_LOOKUP_NATIONS,,,,,,,,,,,,,,,,,,,
22,ACCUSER_SEX_ID,,NUMBER,"10,0",Y,"ตัวเลือกเพศ ชาย/หญิง (ชาย : 1, หญิง : 2)",,,,,,,,,,,,,,,,,,,
23,ACCUSER_TEL,,VARCHAR2,20 CHAR,Y,เบอร์ติดต่อ,,,,,,,,,,,,,,,,,,,
24,COMPLAINANT_ID,FK,NUMBER,"10,0",N,รหัสข้อมูลระบบบันทึกคำร้องศาลแรงงาน เชื่อมโยง PC_LABOR_COMPLAINANT,,,,,,,,,,,,,,,,,,,
,,,,,,,,,,,,,,,,,,,,,,,,,
PC_LABOR_COMPLAINANT_ACCUSER_ADDRESS ตารางข้อมูลระบบบันทึกคดีแรงงาน ส่วนที่อยู่ผู้ร้อง (รง.2),,,,,,,,,,,,,,,,,,,,,,,,,
ลำดับ,ชื่อฟิลด์,คีย์,ชนิคข้อมูล,จำนวน,ค่าว่าง,คำอธิบาย,,,,,,,,,,,,,,,,,,,
1,ACCUSER_ADDRESS_ID,PK,NUMBER,"10,0",N,รหัสระบบบันทึกคดีแรงงาน (รง. 2) ส่วนที่อยู่ผู้ร้อง (AUTO INCREMENT),,,,,,,,,,,,,,,,,,,
2,CREATED_BY,,NUMBER,"38,0",N,รหัสผู้สร้างข้อมูล เชื่อมโยง PC_USER_PROFILE,,,,,,,,,,,,,,,,,,,
3,CREATED_DATE,,TIMESTAMP,6,N,วันเวลาที่สร้างข้อมูล,,,,,,,,,,,,,,,,,,,
4,UPDATED_BY,,NUMBER,"38,0",Y,รหัสผู้แก้ไขข้อมูลล่าสุด เชื่อมโยง PC_USER_PROFILE,,,,,,,,,,,,,,,,,,,
5,UPDATED_DATE,,TIMESTAMP,6,Y,วันเวลาที่แก้ไขข้อมูลล่าสุด,,,,,,,,,,,,,,,,,,,
6,REMOVED_BY,,NUMBER,"38,0",N,รหัสผู้ลบข้อมูล เชื่อมโยง PC_USER_PROFILE,,,,,,,,,,,,,,,,,,,
7,REMOVED_DATE,,TIMESTAMP,6,Y,วันเวลาที่ลบข้อมูล,,,,,,,,,,,,,,,,,,,
8,ORDER_NO,,FLOAT,,Y,ลำดับของข้อมูล,,,,,,,,,,,,,,,,,,,
9,ADDRESS_NO,,VARCHAR2,20 CHAR,Y,ที่อยู่เลขที่,,,,,,,,,,,,,,,,,,,
10,ADDRESS_TYPE_ID,,NUMBER,"10,0",Y,รหัสประเภทที่อยู่ เชื่อมโยง PC_LOOKUP_ADDRESS_TYPE,,,,,,,,,,,,,,,,,,,
11,COUNTRY_ID,,NUMBER,"10,0",Y,รหัสประเทศ เชื่อมโยง PC_LOOKUP_COUNTRY,,,,,,,,,,,,,,,,,,,
12,DISTRICT_ID,,NUMBER,"10,0",Y,รหัสเขต/อำเภอ เชื่อมโยง PC_LOOKUP_DISTRICT,,,,,,,,,,,,,,,,,,,
13,COMPLAINANT_ACCUSER_ID,FK,NUMBER,"10,0",N,รหัสระบบบันทึกคำร้องศาลแรงงาน ส่วนผู้ร้อง เชื่อมโยง PC_LABOR_COMPLAINANT_ACCUSER,,,,,,,,,,,,,,,,,,,
14,MOO,,VARCHAR2,20 CHAR,Y,หมู่ที่,,,,,,,,,,,,,,,,,,,
15,PHONE_NUMBER,,VARCHAR2,20 CHAR,Y,เบอร์โทรศัพท์,,,,,,,,,,,,,,,,,,,
16,POST,,VARCHAR2,20 CHAR,Y,รหัสไปรษณีย์,,,,,,,,,,,,,,,,,,,
17,PROVINCE_ID,,NUMBER,"10,0",Y,รหัสจังหวัด เชื่อมโยง PC_LOOKUP_PROVINCE,,,,,,,,,,,,,,,,,,,
18,ROAD,,VARCHAR2,100 CHAR,Y,ถนน,,,,,,,,,,,,,,,,,,,
19,SOI,,VARCHAR2,100 CHAR,Y,ซอย,,,,,,,,,,,,,,,,,,,
20,SUB_DISTRICT_ID,,NUMBER,"10,0",Y,รหัสแขวง/ตำบล เชื่อมโยง PC_LOOKUP_SUB_DISTRICT,,,,,,,,,,,,,,,,,,,
,,,,,,,,,,,,,,,,,,,,,,,,,
PC_LABOR_COMPLAINANT_DEFENDANT ตารางข้อมูลระบบเก็บข้อมูลคำร้องศาลแรงงาน ส่วนผู้คัดค้าน (รง.2),,,,,,,,,,,,,,,,,,,,,,,,,
ลำดับ,ชื่อฟิลด์,คีย์,ชนิคข้อมูล,จำนวน,ค่าว่าง,คำอธิบาย,,,,,,,,,,,,,,,,,,,
1,DEFENDANT_ID,PK,NUMBER,"10,0",N,รหัสข้อมูลระบบบันทึกคดีแรงงาน (รง.2) ส่วนผู้คัดค้าน (AUTO INCREMENT),,,,,,,,,,,,,,,,,,,
2,COMPLAINANT_ID,FK,NUMBER,"10,0",N,รหัสข้อมูลระบบบันทึกคำร้องศาลแรงงาน เชื่อมโยง PC_LABOR_COMPLAINANT,,,,,,,,,,,,,,,,,,,
3,CREATED_BY,,NUMBER,"38,0",N,รหัสผู้สร้างข้อมูล เชื่อมโยง PC_USER_PROFILE,,,,,,,,,,,,,,,,,,,
4,CREATED_DATE,,TIMESTAMP,6,N,วันเวลาที่สร้างข้อมูล,,,,,,,,,,,,,,,,,,,
5,UPDATED_BY,,NUMBER,"38,0",Y,รหัสผู้แก้ไขข้อมูลล่าสุด เชื่อมโยง PC_USER_PROFILE,,,,,,,,,,,,,,,,,,,
6,UPDATED_DATE,,TIMESTAMP,6,Y,วันเวลาที่แก้ไขข้อมูลล่าสุด,,,,,,,,,,,,,,,,,,,
7,REMOVED_BY,,NUMBER,"38,0",N,รหัสผู้ลบข้อมูล เชื่อมโยง PC_USER_PROFILE,,,,,,,,,,,,,,,,,,,
8,REMOVED_DATE,,TIMESTAMP,6,Y,วันเวลาที่ลบข้อมูล,,,,,,,,,,,,,,,,,,,
9,ORDER_NO,,FLOAT,,Y,ลำดับของข้อมูล,,,,,,,,,,,,,,,,,,,
10,DEFENDANT_AGE,,NUMBER,"10,0",Y,อายุจำเลย,,,,,,,,,,,,,,,,,,,
11,DEFENDANT_BIRTHDATE,,TIMESTAMP,6,Y,วันเดือนปีเกิดของจำเลย,,,,,,,,,,,,,,,,,,,
12,DEFENDANT_EMAIL,,VARCHAR2,100 CHAR,Y,อีเมล์,,,,,,,,,,,,,,,,,,,
13,DEFENDANT_LASTNAME,,VARCHAR2,100 CHAR,Y,นามสกุลจำเลย,,,,,,,,,,,,,,,,,,,
14,DEFENDANT_LIT_TYPE_ID,,NUMBER,"10,0",Y,รหัสประเภทคู่ความ เชื่อมโยง PC_LOOKUP_LIT_TYPE,,,,,,,,,,,,,,,,,,,
15,DEFENDANT_NAME,,VARCHAR2,100 CHAR,N,ชื่อจำเลย,,,,,,,,,,,,,,,,,,,
16,DEFENDANT_NAME_TITLE,,NUMBER,"10,0",Y,รหัสคำนำหน้า เชื่อมโยง PC_LOOKUP_TITLE,,,,,,,,,,,,,,,,,,,
17,DEFENDANT_NATIONAL_ID,,NUMBER,"10,0",Y,รหัสสัญชาติ เชื่อมโยง PC_LOOKUP_INTERS,,,,,,,,,,,,,,,,,,,
18,DEFENDANT_NATIONAL_ID_CARD,,VARCHAR2,13 CHAR,Y,เลขบัตรประชาชนจำเลย (max length = 13),,,,,,,,,,,,,,,,,,,
19,DEFENDANT_OCCUPATION_ID,,NUMBER,"10,0",Y,รหัสอาชีพ เชื่อมโยง PC_LOOKUP_OCCUPATION,,,,,,,,,,,,,,,,,,,
20,DEFENDANT_ORDER_NO,,NUMBER,"10,0",Y,ลำดับจำเลย,,,,,,,,,,,,,,,,,,,
21,DEFENDANT_PERSONAL_TYPE_ID,,NUMBER,"10,0",Y,รหัสประเภทบุคคล เชื่อมโยง PC_LOOKUP_PERS_TYPE,,,,,,,,,,,,,,,,,,,
22,DEFENDANT_RACE_ID,,NUMBER,"10,0",Y,รหัสเชื้อชาติชาติ เชื่อมโยง PC_LOOKUP_NATIONS,,,,,,,,,,,,,,,,,,,
23,DEFENDANT_SEX_ID,,NUMBER,"10,0",Y,"ตัวเลือกเพศ ชาย/หญิง (ชาย : 1, หญิง : 2)",,,,,,,,,,,,,,,,,,,
24,DEFENDANT_TEL,,VARCHAR2,20 CHAR,Y,เบอร์ติดต่อ,,,,,,,,,,,,,,,,,,,
,,,,,,,,,,,,,,,,,,,,,,,,,
PC_LABOR_COMPLAINANT_DEFENDANT_ADDRESS ตารางข้อมูลระบบเก็บข้อมูลคำร้องศาลแรงงาน ส่วนที่อยู่ผู้คัดค้าน (รง.2),,,,,,,,,,,,,,,,,,,,,,,,,
ลำดับ,ชื่อฟิลด์,คีย์,ชนิคข้อมูล,จำนวน,ค่าว่าง,คำอธิบาย,,,,,,,,,,,,,,,,,,,
1,DEFENDANT_ADDRESS_ID,PK,NUMBER,"10,0",N,รหัสระบบบันทึกคดีแรงงาน (รง. 2) ส่วนที่อยู่จำเลย (AUTO INCREMENT),,,,,,,,,,,,,,,,,,,
2,CREATED_BY,,NUMBER,"38,0",N,รหัสผู้สร้างข้อมูล เชื่อมโยง PC_USER_PROFILE,,,,,,,,,,,,,,,,,,,
3,CREATED_DATE,,TIMESTAMP,6,N,วันเวลาที่สร้างข้อมูล,,,,,,,,,,,,,,,,,,,
4,UPDATED_BY,,NUMBER,"38,0",Y,รหัสผู้แก้ไขข้อมูลล่าสุด เชื่อมโยง PC_USER_PROFILE,,,,,,,,,,,,,,,,,,,
5,UPDATED_DATE,,TIMESTAMP,6,Y,วันเวลาที่แก้ไขข้อมูลล่าสุด,,,,,,,,,,,,,,,,,,,
6,REMOVED_BY,,NUMBER,"38,0",N,รหัสผู้ลบข้อมูล เชื่อมโยง PC_USER_PROFILE,,,,,,,,,,,,,,,,,,,
7,REMOVED_DATE,,TIMESTAMP,6,Y,วันเวลาที่ลบข้อมูล,,,,,,,,,,,,,,,,,,,
8,ORDER_NO,,FLOAT,,Y,ลำดับของข้อมูล,,,,,,,,,,,,,,,,,,,
9,ADDRESS_NO,,VARCHAR2,20 CHAR,Y,ที่อยู่เลขที่,,,,,,,,,,,,,,,,,,,
10,ADDRESS_TYPE_ID,,NUMBER,"10,0",Y,รหัสประเภทที่อยู่ เชื่อมโยง PC_LOOKUP_ADDRESS_TYPE,,,,,,,,,,,,,,,,,,,
11,COUNTRY_ID,,NUMBER,"10,0",Y,รหัสประเทศ เชื่อมโยง PC_LOOKUP_COUNTRY,,,,,,,,,,,,,,,,,,,
12,DISTRICT_ID,,NUMBER,"10,0",Y,รหัสเขต/อำเภอ เชื่อมโยง PC_LOOKUP_DISTRICT,,,,,,,,,,,,,,,,,,,
13,COMPLAINANT_DEFENDANT_ID,FK,NUMBER,"10,0",N,รหัสระบบบันทึกคำร้องศาลแรงงาน ส่วนผู้คัดค้าน เชื่อมโยง PC_LABOR_COMPLAINANT_DEFENDANT,,,,,,,,,,,,,,,,,,,
14,MOO,,VARCHAR2,20 CHAR,Y,หมู่ที่,,,,,,,,,,,,,,,,,,,
15,PHONE_NUMBER,,VARCHAR2,20 CHAR,Y,เบอร์โทรศัพท์,,,,,,,,,,,,,,,,,,,
16,POST,,VARCHAR2,20 CHAR,Y,รหัสไปรษณีย์,,,,,,,,,,,,,,,,,,,
17,PROVINCE_ID,,NUMBER,"10,0",Y,รหัสจังหวัด เชื่อมโยง PC_LOOKUP_PROVINCE,,,,,,,,,,,,,,,,,,,
18,ROAD,,VARCHAR2,100 CHAR,Y,ถนน,,,,,,,,,,,,,,,,,,,
19,SOI,,VARCHAR2,100 CHAR,Y,ซอย,,,,,,,,,,,,,,,,,,,
20,SUB_DISTRICT_ID,,NUMBER,"10,0",Y,รหัสแขวง/ตำบล เชื่อมโยง PC_LOOKUP_SUB_DISTRICT,,,,,,,,,,,,,,,,,,,
,,,,,,,,,,,,,,,,,,,,,,,,,
PC_LABOR_EXECUTION ตารางข้อมูลการดำเนินการบังคับคดี,,,,,,,,,,,,,,,,,,,,,,,,,
ลำดับ,ชื่อฟิลด์,คีย์,ชนิคข้อมูล,จำนวน,ค่าว่าง,คำอธิบาย,,,,,,,,,,,,,,,,,,,
1,EXECUTION_ID,PK,NUMBER,"10,0",N,รหัสข้อมูลการดำเนินการบังคับคดี (AUTO INCREMENT),,,,,,,,,,,,,,,,,,,
2,CASE_ID,,NUMBER,"10,0",Y,รหัสคดี เชื่อมโยงตาราง PC_CASE,,,,,,,,,,,,,,,,,,,
3,CREATED_BY,,NUMBER,"38,0",N,รหัสผู้สร้างข้อมูล เชื่อมโยง PC_USER_PROFILE,,,,,,,,,,,,,,,,,,,
4,CREATED_DATE,,TIMESTAMP,6,N,วันเวลาที่สร้างข้อมูล,,,,,,,,,,,,,,,,,,,
5,UPDATED_BY,,NUMBER,"38,0",Y,รหัสผู้แก้ไขข้อมูลล่าสุด เชื่อมโยง PC_USER_PROFILE,,,,,,,,,,,,,,,,,,,
6,UPDATED_DATE,,TIMESTAMP,6,Y,วันเวลาที่แก้ไขข้อมูลล่าสุด,,,,,,,,,,,,,,,,,,,
7,REMOVED_BY,,NUMBER,"38,0",N,รหัสผู้ลบข้อมูล เชื่อมโยง PC_USER_PROFILE,,,,,,,,,,,,,,,,,,,
8,REMOVED_DATE,,TIMESTAMP,6,Y,วันเวลาที่ลบข้อมูล,,,,,,,,,,,,,,,,,,,
9,ORDER_NO,,FLOAT,,Y,ลำดับของข้อมูล,,,,,,,,,,,,,,,,,,,
10,EXECUTION_CODE,,VARCHAR2,100 CHAR,Y,ลำดับเลขที่เก็บของการบังคับคดี,,,,,,,,,,,,,,,,,,,
11,EXECUTION_REQ_TYPE,,NUMBER,"10,0",Y,รหัสประเภทคำขอบังคับคดี เชื่อมโยง PC_LABOR_EXECUTION_REQ_TYPE,,,,,,,,,,,,,,,,,,,
12,NAME_TITLE,,NUMBER,"10,0",Y,รหัสคำนำหน้าชื่อ เชื่อมโยง PC_LOOKUP_TITLE,,,,,,,,,,,,,,,,,,,
13,NAME,,VARCHAR2,100 CHAR,Y,ชื่อของผู้ร้อง,,,,,,,,,,,,,,,,,,,
14,LASTNAME,,VARCHAR2,100 CHAR,Y,นามสกุลของผู้ร้อง,,,,,,,,,,,,,,,,,,,
15,AGE,,NUMBER,"10,0",Y,อายุของผู้ร้อง,,,,,,,,,,,,,,,,,,,
16,NATIONAL_ID,,VARCHAR2,13 CHAR,Y,เลขประจำตัวประชาชนหรือเลข PASSPORT ของผู้ร้อง,,,,,,,,,,,,,,,,,,,
17,ADDRESS_NO,,VARCHAR2,20 CHAR,Y,เลขที่อยู่ปัจจุบันของผู้ร้อง,,,,,,,,,,,,,,,,,,,
18,ADDRESS_MOO,,VARCHAR2,20 CHAR,Y,หมู่ที่อยู่ปัจจุบันของผู้ร้อง,,,,,,,,,,,,,,,,,,,
19,ADDRESS_SOI,,VARCHAR2,50 CHAR,Y,ซอยที่อยู่ปัจจุบันของผู้ร้อง,,,,,,,,,,,,,,,,,,,
20,ADDRESS_ROAD,,VARCHAR2,50 CHAR,Y,ถนนที่อยู่ปัจจุบันของผู้ร้อง,,,,,,,,,,,,,,,,,,,
21,ADDRESS_POST,,VARCHAR2,20 CHAR,Y,รหัสไปรษณีย์ของผู้ร้อง,,,,,,,,,,,,,,,,,,,
22,TOMBON_ID,,NUMBER,"10,0",Y,รหัสตำบล เชื่อมโยง PC_LOOKUP_SUBDISTRICT,,,,,,,,,,,,,,,,,,,
23,AMPHOE_ID,,NUMBER,"10,0",Y,รหัสอำเภอ เชื่อมโยง PC_LOOKUP_DISTRICT,,,,,,,,,,,,,,,,,,,
24,PROVINCE_ID,,NUMBER,"10,0",Y,รหัสจังหวัด เชื่อมโยง PC_LOOKUP_PROVINCE,,,,,,,,,,,,,,,,,,,
25,PHONE_NO,,VARCHAR2,50 CHAR,Y,หมายเลขโทรศัพท์ของผู้ร้อง,,,,,,,,,,,,,,,,,,,
,,,,,,,,,,,,,,,,,,,,,,,,,
PC_LABOR_EXECUTION_DETAIL ตารางข้อมูลส่วนรายละเอียดการดำเนินการบังคับคดี,,,,,,,,,,,,,,,,,,,,,,,,,
ลำดับ,ชื่อฟิลด์,คีย์,ชนิคข้อมูล,จำนวน,ค่าว่าง,คำอธิบาย,,,,,,,,,,,,,,,,,,,
1,DETAIL_ID,PK,NUMBER,"10,0",N,รหัสข้อมูลส่วนรายละเอียดการดำเนินการบังคับคดี (AUTO INCREMENT),,,,,,,,,,,,,,,,,,,
2,EXECUTION_ID,FK,NUMBER,"10,0",Y,รหัสข้อมูลผู้ร้องบังคับคดี เชื่อมโยงตาราง PC_LABOR_EXECUTION,,,,,,,,,,,,,,,,,,,
3,CREATED_BY,,NUMBER,"38,0",N,รหัสผู้สร้างข้อมูล เชื่อมโยง PC_USER_PROFILE,,,,,,,,,,,,,,,,,,,
4,CREATED_DATE,,TIMESTAMP,6,N,วันเวลาที่สร้างข้อมูล,,,,,,,,,,,,,,,,,,,
5,UPDATED_BY,,NUMBER,"38,0",Y,รหัสผู้แก้ไขข้อมูลล่าสุด เชื่อมโยง PC_USER_PROFILE,,,,,,,,,,,,,,,,,,,
6,UPDATED_DATE,,TIMESTAMP,6,Y,วันเวลาที่แก้ไขข้อมูลล่าสุด,,,,,,,,,,,,,,,,,,,
7,REMOVED_BY,,NUMBER,"38,0",N,รหัสผู้ลบข้อมูล เชื่อมโยง PC_USER_PROFILE,,,,,,,,,,,,,,,,,,,
8,REMOVED_DATE,,TIMESTAMP,6,Y,วันเวลาที่ลบข้อมูล,,,,,,,,,,,,,,,,,,,
9,ORDER_NO,,FLOAT,,Y,ลำดับของข้อมูล,,,,,,,,,,,,,,,,,,,
10,HAS_PAY_DEPT,,NUMBER,"1,0",Y,ตัวเลือกหลังศาลมีคำพิพากษา - ลูกหนี้มีการชำระหนี้,,,,,,,,,,,,,,,,,,,
11,PAY_DEPT_AMOUNT,,FLOAT,,Y,จำนวนเงินที่ลูกหนี้มีการชำระหนี้,,,,,,,,,,,,,,,,,,,
12,NEVER_PAY_DEPT,,NUMBER,"1,0",Y,ตัวเลือกหลังศาลมีคำพิพากษา - ลูกหนี้ไม่มีการชำระหนี้,,,,,,,,,,,,,,,,,,,
13,RECEIVED_HIRE,,NUMBER,"1,0",Y,ตัวเลือกหลังศาลมีคำพิพากษา - เจ้าหนี้ได้รับทรัพย์ที่เช่าซื้อคืน,,,,,,,,,,,,,,,,,,,
14,RECEIVED_DATE,,TIMESTAMP,6,Y,วันที่ที่เจ้าหนี้ตามคำพิพากษาได้รับทรัพย์ที่เช่าซื้อคืน,,,,,,,,,,,,,,,,,,,
15,HAS_CENSUS_REGISTRATION,,NUMBER,"1,0",Y,ตัวเลือกส่งหลักฐานประกอบ - ทะเบียนบ้าน,,,,,,,,,,,,,,,,,,,
16,CENSUS_REGISTRATION_DETAIL,,VARCHAR2,250 CHAR,Y,รายละเอียดของทะเบียนบ้าน,,,,,,,,,,,,,,,,,,,
17,HAS_CERTIFICATION,,NUMBER,"1,0",Y,ตัวเลือกส่งหลักฐานประกอบ - หนังสือรับรองนิติบุคคล,,,,,,,,,,,,,,,,,,,
18,CERTIFICATION_DETAIL,,VARCHAR2,250 CHAR,Y,รายละเอียดของหนังสือรับรองนิติบุคคล,,,,,,,,,,,,,,,,,,,
19,HAS_OTHER_DOCUMENT,,NUMBER,"1,0",Y,ตัวเลือกส่งหลักฐานประกอบ - เอกสารอื่นๆ,,,,,,,,,,,,,,,,,,,
20,OTHER_DOCUMENT_DETAIL,,VARCHAR2,250 CHAR,Y,รายละเอียดของเอกสารอื่นๆ,,,,,,,,,,,,,,,,,,,
21,HAS_MAP,,NUMBER,"1,0",Y,ตัวเลือกส่งหลักฐานประกอบ - แผนที่สถานที่ยึดทรัพย์/เก็บทรัพย์,,,,,,,,,,,,,,,,,,,
22,HAS_PHOTO,,NUMBER,"1,0",Y,ตัวเลือกส่งหลักฐานประกอบ - ภาพถ่ายทรัพย์ที่จะยึด,,,,,,,,,,,,,,,,,,,
23,HAS_COPY_CAR_REGISTRATION,,NUMBER,"1,0",Y,ตัวเลือกส่งหลักฐานประกอบ - ทะเบียนรถ,,,,,,,,,,,,,,,,,,,
24,HAS_COPY_CERTIFICATION,,NUMBER,"1,0",Y,1,,,,,,,,,,,,,,,,,,,
25,HAS_OTHER,,NUMBER,"1,0",Y,ตัวเลือกส่งหลักฐานประกอบ - อื่นๆ,,,,,,,,,,,,,,,,,,,
26,OTHER_DETAIL,,VARCHAR2,250 CHAR,Y,รายละเอียดของหลักฐานอื่นๆ,,,,,,,,,,,,,,,,,,,
27,IS_AGREEMENT,,NUMBER,"1,0",Y,ตัวเลือกยืนยันว่าข้อความเป็นจริงทุกประการ,,,,,,,,,,,,,,,,,,,
28,HAS_NOT_OVER_EXECUTION_VALUE,,NUMBER,"1,0",Y,ตัวเลือกยืนยันว่าลูกหนี้ตามคำพิพากษาไม่มีทรัพย์สินอื่นนอกจากทรัพย์ที่แถลงขอยึด,,,,,,,,,,,,,,,,,,,
29,TRUSTEE_NAME,,VARCHAR2,250 CHAR,Y,ชื่อผู้รักษาทรัพย์,,,,,,,,,,,,,,,,,,,
30,SAVE_FEE,,FLOAT,,Y,ค่ารักษาทรัพย์,,,,,,,,,,,,,,,,,,,
31,RENT_FEE,,FLOAT,,Y,ค่าเช่าสถานที่เก็บทรัพย์,,,,,,,,,,,,,,,,,,,
32,HAS_LAND_NOTICE,,NUMBER,"1,0",Y,ตัวเลือกแจ้งกรมที่ดิน กรณียึดที่ดิน,,,,,,,,,,,,,,,,,,,
33,HAS_FOREST_NOTICE,,NUMBER,"1,0",Y,ตัวเลือกแจ้งกรมป่าไม้,,,,,,,,,,,,,,,,,,,
34,CONFIRM_TO_CONFISCATE,,NUMBER,"1,0",Y,ตัวเลือกว่าจำเลยได้รับทราบการยึดทรัพย์โดยชอบแล้ว,,,,,,,,,,,,,,,,,,,
35,RECEIVED_FOR,,VARCHAR2,250 CHAR,Y,รายละเอียดการรับเงิน,,,,,,,,,,,,,,,,,,,
36,AMOUNT,,FLOAT,,Y,จำนวนเงินที่รับ,,,,,,,,,,,,,,,,,,,
37,PAYEE_NAME_TITLE,,NUMBER,"10,0",Y,รหัสคำนำหน้าชื่อ เชื่อมโยง PC_LOOKUP_TITLE,,,,,,,,,,,,,,,,,,,
38,PAYEE_NAME,,VARCHAR2,250 CHAR,Y,ชื่อของผู้จ่ายเงิน,,,,,,,,,,,,,,,,,,,
39,PAYEE_LASTNAME,,VARCHAR2,250 CHAR,Y,นามสกุลของผู้จ่ายเงิน,,,,,,,,,,,,,,,,,,,
40,PAYEE_AGE,,NUMBER,"10,0",Y,อายุของผู้จ่ายเงิน,,,,,,,,,,,,,,,,,,,
41,PAYEE_NATIONAL_ID,,VARCHAR2,13 CHAR,Y,เลขประจำตัวประชาชนหรือเลข PASSPORT ของผู้จ่ายเงิน,,,,,,,,,,,,,,,,,,,
42,PAYEE_ADDRESS_NO,,VARCHAR2,20 CHAR,Y,เลขที่อยู่ปัจจุบันของผู้จ่ายเงิน,,,,,,,,,,,,,,,,,,,
43,PAYEE_ADDRESS_MOO,,VARCHAR2,20 CHAR,Y,หมู่ที่อยู่ปัจจุบันของผู้จ่ายเงิน,,,,,,,,,,,,,,,,,,,
44,PAYEE_ADDRESS_SOI,,VARCHAR2,50 CHAR,Y,ซอยที่อยู่ปัจจุบันของผู้จ่ายเงิน,,,,,,,,,,,,,,,,,,,
45,PAYEE_ADDRESS_ROAD,,VARCHAR2,50 CHAR,Y,ถนนที่อยู่ปัจจุบันของผู้จ่ายเงิน,,,,,,,,,,,,,,,,,,,
46,PAYEE_TOMBON_ID,,NUMBER,"10,0",Y,รหัสตำบล เชื่อมโยง PC_LOOKUP_SUBDISTRICT,,,,,,,,,,,,,,,,,,,
47,PAYEE_AMPHOE_ID,,NUMBER,"10,0",Y,รหัสอำเภอ เชื่อมโยง PC_LOOKUP_DISTRICT,,,,,,,,,,,,,,,,,,,
48,PAYEE_PROVINCE_ID,,NUMBER,"10,0",Y,รหัสจังหวัด เชื่อมโยง PC_LOOKUP_PROVINCE,,,,,,,,,,,,,,,,,,,
49,PAYEE_ADDRESS_POST,,VARCHAR2,20 CHAR,Y,รหัสไปรษณีย์ของผู้จ่ายเงิน,,,,,,,,,,,,,,,,,,,
50,PAYEE_PHONE_NO,,VARCHAR2,50 CHAR,Y,หมายเลขโทรศัพท์ของผู้จ่ายเงิน,,,,,,,,,,,,,,,,,,,
51,IS_PAID,,NUMBER,"1,0",Y,ตัวเลือกจ่ายแล้ว,,,,,,,,,,,,,,,,,,,
52,PAID_NO,,VARCHAR2,50 CHAR,Y,เลขที่ใบสั่ง,,,,,,,,,,,,,,,,,,,
53,IS_RECORD,,NUMBER,"1,0",Y,ตัวเลือกลงบัญชีแล้ว,,,,,,,,,,,,,,,,,,,
54,RECORD_BOOK_NO,,NUMBER,"10,0",Y,บัญชีเล่มที่,,,,,,,,,,,,,,,,,,,
55,RECORD_BOOK_PAGE,,NUMBER,"10,0",Y,บัญชีหน้าที่,,,,,,,,,,,,,,,,,,,
,,,,,,,,,,,,,,,,,,,,,,,,,
PC_LABOR_EXECUTION_PROCESS ตารางข้อมูลส่วนรายละเอียดทรัพย์สินที่ต้องทำการบังคับคดี,,,,,,,,,,,,,,,,,,,,,,,,,
ลำดับ,ชื่อฟิลด์,คีย์,ชนิคข้อมูล,จำนวน,ค่าว่าง,คำอธิบาย,,,,,,,,,,,,,,,,,,,
1,PROCESS_ID,PK,NUMBER,"10,0",N,รหัสข้อมูลส่วนรายละเอียดทรัพย์สินที่ต้องทำการบังคับคดี (AUTO INCREMENT),,,,,,,,,,,,,,,,,,,
2,EXECUTION_ID,FK,NUMBER,"10,0",N,รหัสข้อมูลผู้ร้องบังคับคดี เชื่อมโยงตาราง PC_LABOR_EXECUTION,,,,,,,,,,,,,,,,,,,
3,EXECUTION_TYPE_ID,,VARCHAR2,100 CHAR,Y,ข้อมูลประเภทการบังคับคดี,,,,,,,,,,,,,,,,,,,
4,DEFENDANT_ID,,NUMBER,"10,0",Y,รหัสข้อมูลจำเลย เชื่อมโยงตาราง PC_CASE_LIT,,,,,,,,,,,,,,,,,,,
5,CREATED_BY,,NUMBER,"38,0",N,รหัสผู้สร้างข้อมูล เชื่อมโยง PC_USER_PROFILE,,,,,,,,,,,,,,,,,,,
6,CREATED_DATE,,TIMESTAMP,6,N,วันเวลาที่สร้างข้อมูล,,,,,,,,,,,,,,,,,,,
7,UPDATED_BY,,NUMBER,"38,0",Y,รหัสผู้แก้ไขข้อมูลล่าสุด เชื่อมโยง PC_USER_PROFILE,,,,,,,,,,,,,,,,,,,
8,UPDATED_DATE,,TIMESTAMP,6,Y,วันเวลาที่แก้ไขข้อมูลล่าสุด,,,,,,,,,,,,,,,,,,,
9,REMOVED_BY,,NUMBER,"38,0",N,รหัสผู้ลบข้อมูล เชื่อมโยง PC_USER_PROFILE,,,,,,,,,,,,,,,,,,,
10,REMOVED_DATE,,TIMESTAMP,6,Y,วันเวลาที่ลบข้อมูล,,,,,,,,,,,,,,,,,,,
11,ORDER_NO,,FLOAT,,Y,ลำดับของข้อมูล,,,,,,,,,,,,,,,,,,,
12,ASSET_DETAIL,,VARCHAR2,250 CHAR,Y,รายละเอียดของทรัพย์สิน,,,,,,,,,,,,,,,,,,,
13,ASSET_LOCATION,,VARCHAR2,250 CHAR,Y,สถานที่ของทรัพย์สิน,,,,,,,,,,,,,,,,,,,
14,COST_ESTIMATE,,FLOAT,,N,ราคาประเมิน,,,,,,,,,,,,,,,,,,,
15,DEFENDANT_LASTNAME,,VARCHAR2,250 CHAR,Y,นามสกุลจำเลย,,,,,,,,,,,,,,,,,,,
16,DEFENDANT_NAME,,VARCHAR2,250 CHAR,Y,ชื่อจำเลย,,,,,,,,,,,,,,,,,,,
17,DEFENDANT_ORDER_NO,,NUMBER,"10,0",Y,ลำดับจำเลย,,,,,,,,,,,,,,,,,,,
,,,,,,,,,,,,,,,,,,,,,,,,,
PC_LABOR_WITNESS ตารางข้อมูลบัญชีพยาน,,,,,,,,,,,,,,,,,,,,,,,,,
ลำดับ,ชื่อฟิลด์,คีย์,ชนิคข้อมูล,จำนวน,ค่าว่าง,คำอธิบาย,,,,,,,,,,,,,,,,,,,
1,WITNESS_ID,PK,NUMBER,"10,0",N,รหัสข้อมูลบัญชีพยาน (AUTO INCREMENT),,,,,,,,,,,,,,,,,,,
2,CREATED_BY,,NUMBER,"10,0",N,รหัสผู้สร้างข้อมูล เชื่อมโยง PC_USER_PROFILE,,,,,,,,,,,,,,,,,,,
3,CREATED_DATE,,TIMESTAMP,6,N,วันเวลาที่สร้างข้อมูล,,,,,,,,,,,,,,,,,,,
4,UPDATED_BY,,NUMBER,"10,0",Y,รหัสผู้แก้ไขข้อมูลล่าสุด เชื่อมโยง PC_USER_PROFILE,,,,,,,,,,,,,,,,,,,
5,UPDATED_DATE,,TIMESTAMP,6,Y,วันเวลาที่แก้ไขข้อมูลล่าสุด,,,,,,,,,,,,,,,,,,,
6,REMOVED_BY,,NUMBER,"10,0",N,รหัสผู้ลบข้อมูล เชื่อมโยง PC_USER_PROFILE,,,,,,,,,,,,,,,,,,,
7,REMOVED_DATE,,TIMESTAMP,6,Y,วันเวลาที่ลบข้อมูล,,,,,,,,,,,,,,,,,,,
8,ORDER_NO,,FLOAT,"10,0",Y,ลำดับของข้อมูล,,,,,,,,,,,,,,,,,,,
9,WITNESS_NAME_TITLE,,NUMBER,"10,0",Y,รหัสคำนำหน้าชื่อ เชื่อมโยง PC_LOOKUP_TITLE,,,,,,,,,,,,,,,,,,,
10,WITNESS_NAME,,VARCHAR2,100 CHAR,Y,ชื่อของพยาน,,,,,,,,,,,,,,,,,,,
11,WITNESS_LASTNAME,,VARCHAR2,100 CHAR,Y,นามสกุลของพยาน,,,,,,,,,,,,,,,,,,,
12,WITNESS_AGE,,NUMBER,"10,0",Y,อายุของพยาน,,,,,,,,,,,,,,,,,,,
13,WITNESS_NATIONAL_ID,,VARCHAR2,13 CHAR,Y,เลขประจำตัวประชาชนหรือเลข PASSPORT ของพยาน,,,,,,,,,,,,,,,,,,,
14,WITNESS_ADDRESS_NO,,VARCHAR2,20 CHAR,Y,เลขที่อยู่ปัจจุบันของพยาน,,,,,,,,,,,,,,,,,,,
15,WITNESS_ADDRESS_MOO,,VARCHAR2,20 CHAR,Y,หมู่ที่อยู่ปัจจุบันของพยาน,,,,,,,,,,,,,,,,,,,
16,WITNESS_ADDRESS_SOI,,VARCHAR2,50 CHAR,Y,ซอยที่อยู่ปัจจุบันของพยาน,,,,,,,,,,,,,,,,,,,
17,WITNESS_ADDRESS_ROAD,,VARCHAR2,50 CHAR,Y,ถนนที่อยู่ปัจจุบันของพยาน,,,,,,,,,,,,,,,,,,,
18,TOMBON_ID,,NUMBER,"10,0",Y,รหัสตำบล เชื่อมโยง PC_LOOKUP_SUBDISTRICT,,,,,,,,,,,,,,,,,,,
19,AMPHOE_ID,,NUMBER,"10,0",Y,รหัสอำเภอ เชื่อมโยง PC_LOOKUP_DISTRICT,,,,,,,,,,,,,,,,,,,
20,PROVINCE_ID,,NUMBER,"10,0",Y,รหัสจังหวัด เชื่อมโยง PC_LOOKUP_PROVINCE,,,,,,,,,,,,,,,,,,,
21,WITNESS_ADDRESS_POST,,VARCHAR2,20 CHAR,Y,รหัสไปรษณีย์ของพยาน,,,,,,,,,,,,,,,,,,,
22,WITNESS_PHONE_NO,,VARCHAR2,50 CHAR,Y,หมายเลขโทรศัพท์ของพยาน,,,,,,,,,,,,,,,,,,,
23,CASE_ID,,NUMBER,"10,0",Y,รหัสคดี เชื่อมโยงตาราง PC_CASE,,,,,,,,,,,,,,,,,,,
24,REMARK,,CLOB,,Y,หมายเหตุ,,,,,,,,,,,,,,,,,,,
25,INDICTMENT_ID,FK,NUMBER,"10,0",Y,รหัสข้อมูลคำฟ้อง เชื่อมโยง PC_LABOR_INDICTMENT,,,,,,,,,,,,,,,,,,,
,,,,,,,,,,,,,,,,,,,,,,,,,
PC_LABOR_INDICTMENT ตารางข้อมูลคำฟ้องตามแบบ รง.1,,,,,,,,,,,,,,,,,,,,,,,,,
ลำดับ,ชื่อฟิลด์,คีย์,ชนิคข้อมูล,จำนวน,ค่าว่าง,คำอธิบาย,,,,,,,,,,,,,,,,,,,
1,INDICTMENT_ID,PK,NUMBER,"10,0",N,รหัสข้อมูลคำฟ้องตามแบบ (รง.1) (AUTO INCREMENT),,,,,,,,,,,,,,,,,,,
2,COURT_ID,,NUMBER,"10,0",Y,รหัสศาล เชื่อมโยงตาราง PC_LOOKUP_COURT,,,,,,,,,,,,,,,,,,,
3,CASE_ID,,NUMBER,"10,0",Y,รหัสคดี เชื่อมโยงตาราง PC_CASE,,,,,,,,,,,,,,,,,,,
4,CREATED_BY,,NUMBER,"38,0",N,รหัสผู้สร้างข้อมูล เชื่อมโยง PC_USER_PROFILE,,,,,,,,,,,,,,,,,,,
5,CREATED_DATE,,TIMESTAMP,6,N,วันเวลาที่สร้างข้อมูล,,,,,,,,,,,,,,,,,,,
6,UPDATED_BY,,NUMBER,"38,0",Y,รหัสผู้แก้ไขข้อมูลล่าสุด เชื่อมโยง PC_USER_PROFILE,,,,,,,,,,,,,,,,,,,
7,UPDATED_DATE,,TIMESTAMP,6,Y,วันเวลาที่แก้ไขข้อมูลล่าสุด,,,,,,,,,,,,,,,,,,,
8,REMOVED_BY,,NUMBER,"38,0",N,รหัสผู้ลบข้อมูล เชื่อมโยง PC_USER_PROFILE,,,,,,,,,,,,,,,,,,,
9,REMOVED_DATE,,TIMESTAMP,6,Y,วันเวลาที่ลบข้อมูล,,,,,,,,,,,,,,,,,,,
10,ORDER_NO,,FLOAT,,Y,ลำดับของข้อมูล,,,,,,,,,,,,,,,,,,,
11,ANNUAL_HOLIDAY_AMOUNT,,FLOAT,,Y,ค่าจ้างสำหรับวันหยุดพักผ่อนประจำปีจำนวนกี่บาท,,,,,,,,,,,,,,,,,,,
12,APPOINTMENT_CONSIDER_DATE,,TIMESTAMP,6,Y,วันที่นัดพิจารณาและสืบพยานโจทก์,,,,,,,,,,,,,,,,,,,
13,APPOINTMENT_CONSIDER_TIME,,VARCHAR2,"10,0",Y,เวลานัดพิจารณาและสืบพยานโจทก์,,,,,,,,,,,,,,,,,,,
14,COMPENSATE_AMOUNT,,FLOAT,,Y,ค่าชดเชยจำนวนกี่บาท,,,,,,,,,,,,,,,,,,,
15,COMPENSATION_AMOUNT,,FLOAT,,Y,เงินทดแทนจำนวนกี่บาท,,,,,,,,,,,,,,,,,,,
16,COMPENSATION_LAW,,NUMBER,"1,0",Y,ตัวเลือกกฎหมายว่าด้วยเงินทดแทน,,,,,,,,,,,,,,,,,,,
17,COURT_ORDER_DETAIL,,CLOB,,Y,รายละเอียดคำสั่งศาล,,,,,,,,,,,,,,,,,,,
18,DEFENDANT_PAID,,NUMBER,"1,0",Y,ตัวลือกให้จำเลยใช้ค่าเสียหายที่ได้กระทำละเมิดต่อโจทก์,,,,,,,,,,,,,,,,,,,
19,DEFENDANT_PAID_AMOUNT,,FLOAT,,Y,จำนวนเงินให้จำเลยใช้ค่าเสียหายที่ได้กระทำละเมิดต่อโจทก์เป็นเงินกี่บาท,,,,,,,,,,,,,,,,,,,
20,DEFENDANT_PAID_DETAIL,,VARCHAR2,255 CHAR,Y,ทดสอบรายละเอียดให้เพิกถอนคำวินิจฉัยของจำเลย,,,,,,,,,,,,,,,,,,,
21,ENTERPRISE_LABOR_RELATIONS_LAW,,NUMBER,"1,0",Y,ตัวเลือกฎหมายว่าด้วยแรงงานรัฐวิสาหกิจสัมพันธ์,,,,,,,,,,,,,,,,,,,
22,FOLLOW_AGREEMENT,,NUMBER,"1,0",Y,ตัวเลือกให้จำเลยปฏิบัติตามสัญญาจ้างแรงงานหรือข้อบังคับเกี่ยวกับการทำงาน,,,,,,,,,,,,,,,,,,,
23,FOLLOW_AGREEMENT_DETAIL,,VARCHAR2,1000 CHAR,Y,รายละเอียดให้จำเลยปฏิบัติตามสัญญาจ้างแรงงานหรือข้อบังคับเกี่ยวกับการทำงาน,,,,,,,,,,,,,,,,,,,
24,FOLLOW_COMPENSATION,,NUMBER,"1,0",Y,ตัวเลือกให้จำเลยปฏิบัติตามกฎหมายว่าด้วยเงินทดแทน,,,,,,,,,,,,,,,,,,,
25,FOLLOW_COMPENSATION_DETAIL,,VARCHAR2,1000 CHAR,Y,รายละเอียดให้จำเลยปฏิบัติตามกฎหมายว่าด้วยเงินทดแทน,,,,,,,,,,,,,,,,,,,
26,FOLLOW_HOME_WORKER_PROTECTION,,NUMBER,"1,0",Y,ตัวเลือกให้จำเลยปฏิบัติตามกฎหมายว่าด้วยการคุ้มครองผู้รับงานไปทำที่บ้าน,,,,,,,,,,,,,,,,,,,
27,FOLLOW_HOME_WORKER_PROTECTION_DETAIL,,VARCHAR2,1000 CHAR,Y,รายละเอียดให้จำเลยปฏิบัติตามกฎหมายว่าด้วยการคุ้มครองผู้รับงานไปทำที่บ้าน,,,,,,,,,,,,,,,,,,,
28,FOLLOW_LABOR_LAW,,NUMBER,"1,0",Y,ตัวเลือกให้จำเลยปฏิบัติตามกฎหมายคุ้มครองแรงงาน,,,,,,,,,,,,,,,,,,,
29,FOLLOW_LABOR_LAW_DETAIL,,VARCHAR2,1000 CHAR,Y,รายละเอียดให้จำเลยปฏิบัติตามกฎหมายคุ้มครองแรงงาน,,,,,,,,,,,,,,,,,,,
30,FOLLOW_OTHER_LAW,,NUMBER,"1,0",Y,ตัวเลือกให้จำเลยปฏิบัติตามกฎหมายแรงงานในกรณีอื่น,,,,,,,,,,,,,,,,,,,
31,FOLLOW_OTHER_LAW_DETAIL,,VARCHAR2,1000 CHAR,Y,รายละเอียดให้จำเลยปฏิบัติตามกฎหมายแรงงานในกรณีอื่น,,,,,,,,,,,,,,,,,,,
32,FOLLOW_RECRUITMENT_AND_JOB_PROTECTION,,NUMBER,"1,0",Y,ตัวเลือกให้จำเลยปฏิบัติตามกฎหมายว่าด้วยการจัดหางานและคุ้มครองคนหางาน,,,,,,,,,,,,,,,,,,,
33,FOLLOW_RECRUITMENT_AND_JOB_PROTECTION_DETAIL,,VARCHAR2,1000 CHAR,Y,รายละเอียดให้จำเลยปฏิบัติตามกฎหมายว่าด้วยการจัดหางานและคุ้มครองคนหางาน,,,,,,,,,,,,,,,,,,,
34,FOLLOW_RELATIONSHIP_LAW,,NUMBER,"1,0",Y,ตัวเลือกให้จำเลยปฏิบัติตามกฎหมายว่าด้วยแรงงานสัมพันธ์,,,,,,,,,,,,,,,,,,,
35,FOLLOW_RELATIONSHIP_LAW_DETAIL,,VARCHAR2,1000 CHAR,Y,รายละเอียดให้จำเลยปฏิบัติตามกฎหมายว่าด้วยแรงงานสัมพันธ์,,,,,,,,,,,,,,,,,,,
36,FOLLOW_SSO_LAW,,NUMBER,"1,0",Y,ตัวเลือกให้จำเลยปฏิบัติตามกฎหมายประกันสังคม,,,,,,,,,,,,,,,,,,,
37,FOLLOW_SSO_LAW_DETAIL,,VARCHAR2,1000 CHAR,Y,รายละเอียดให้จำเลยปฏิบัติตามกฎหมายประกันสังคม,,,,,,,,,,,,,,,,,,,
38,HOLIDAY_OT_AMOUNT,,FLOAT,,Y,ค่าล่วงเวลาในวันหยุดจำนวนกี่บาท,,,,,,,,,,,,,,,,,,,
39,HOLIDAY_WORK_AMOUNT,,FLOAT,,Y,ค่าทำงานในวันหยุดจำนวนกี่บาท,,,,,,,,,,,,,,,,,,,
40,HOME_WORKER_PROTECTION_LAW,,NUMBER,"1,0",Y,ตัวเลือกฎหมายว่าด้วยการคุ้มครองผู้รับงานไปทำที่บ้าน,,,,,,,,,,,,,,,,,,,
41,INDICTMENT_CODE_NO,,NUMBER,"10,0",N,เลขที่คำฟ้อง,,,,,,,,,,,,,,,,,,,
42,INDICTMENT_CODE_YEAR,,VARCHAR2,4,N,ปีที่ออกเลขคำฟ้อง,,,,,,,,,,,,,,,,,,,
43,JUDGE_ID,,NUMBER,"1,0",Y,รหัสผู้พิพากษา เชื่อมโยง PC_LOOKUP_JUDGE,,,,,,,,,,,,,,,,,,,
44,LABOR_PROTECTION_LAW,,NUMBER,"1,0",Y,ตัวเลือกกฎหมายว่าด้วยการคุ้มครองแรงงาน,,,,,,,,,,,,,,,,,,,
45,LABOR_RELATIONSHIP_LAW,,NUMBER,"1,0",Y,ตัวเลือกกฎหมายว่าด้วยแรงงานสัมพันธ์,,,,,,,,,,,,,,,,,,,
46,OT_AMOUNT,,FLOAT,,Y,ค่าล่วงเวลาจำนวนกี่บาท,,,,,,,,,,,,,,,,,,,
47,OTHER_LAW,,NUMBER,"1,0",Y,ตัวเลือกกฎหมายอื่น ๆ,,,,,,,,,,,,,,,,,,,
48,OTHER_LAW_DETAIL,,VARCHAR2,3000 CHAR,Y,รายละเอียดตัวเลือกกฎหมายอื่น ๆ,,,,,,,,,,,,,,,,,,,
49,RECRUITMENT_AND_JOB_PROTECTION_LAW,,NUMBER,"1,0",Y,ตัวเลือกฎหมายว่าด้วยการจัดหางานและคุ้มครองคนหางาน,,,,,,,,,,,,,,,,,,,
50,REMARK,,CLOB,,Y,หมายเหตุ,,,,,,,,,,,,,,,,,,,
51,REVOKE_DEFENDANT_CONSIDER,,NUMBER,"1,0",Y,ตัวเลือกให้เพิกถอนคำวินิจฉัยของจำเลย,,,,,,,,,,,,,,,,,,,
52,REVOKE_DEFENDANT_CONSIDER_DETAIL,,VARCHAR2,1000 CHAR,Y,รายละเอียดให้จำเลยใช้ค่าเสียหายที่ได้กระทำละเมิดต่อโจทก์,,,,,,,,,,,,,,,,,,,
53,SSO_LAW,,NUMBER,"1,0",Y,ตัวเลือกกฎหมายว่าด้วยการประกันสังคม,,,,,,,,,,,,,,,,,,,
54,VIOLATE_DETAIL,,CLOB,,Y,รายละเอียดกล่าวคือ,,,,,,,,,,,,,,,,,,,
55,WAGE_AMOUNT,,FLOAT,,Y,ค่าจ้างจำนวนกี่บาท,,,,,,,,,,,,,,,,,,,
56,WORK_AGREEMENT,,NUMBER,"1,0",Y,ตัวเลือกข้อตกลงเกี่ยวกับสภาพการจ้าง,,,,,,,,,,,,,,,,,,,
57,WORK_CONTRACT,,NUMBER,"1,0",Y,ตัวเลือกสัญญาจ้างแรงงาน,,,,,,,,,,,,,,,,,,,
,,,,,,,,,,,,,,,,,,,,,,,,,
PC_LABOR_INDICTMENT_ACCUSER ตารางข้อมูลคำฟ้องตามแบบ ส่วนโจทก์ รง.1,,,,,,,,,,,,,,,,,,,,,,,,,
ลำดับ,ชื่อฟิลด์,คีย์,ชนิคข้อมูล,จำนวน,ค่าว่าง,คำอธิบาย,,,,,,,,,,,,,,,,,,,
1,ACCUSER_ID,PK,NUMBER,"10,0",N,รหัสข้อมูลคำฟ้องตามแบบ (รง.1) ส่วนโจทก์ (AUTO INCREMENT),,,,,,,,,,,,,,,,,,,
2,CREATED_BY,,NUMBER,"38,0",N,รหัสผู้สร้างข้อมูล เชื่อมโยง PC_USER_PROFILE,,,,,,,,,,,,,,,,,,,
3,CREATED_DATE,,TIMESTAMP,6,N,วันเวลาที่สร้างข้อมูล,,,,,,,,,,,,,,,,,,,
4,ORDER_NO,,FLOAT,,Y,ลำดับของข้อมูล,,,,,,,,,,,,,,,,,,,
5,REMOVED_BY,,NUMBER,"38,0",N,รหัสผู้ลบข้อมูล เชื่อมโยง PC_USER_PROFILE,,,,,,,,,,,,,,,,,,,
6,REMOVED_DATE,,TIMESTAMP,6,Y,วันเวลาที่ลบข้อมูล,,,,,,,,,,,,,,,,,,,
7,UPDATED_BY,,NUMBER,"38,0",Y,รหัสผู้แก้ไขข้อมูลล่าสุด เชื่อมโยง PC_USER_PROFILE,,,,,,,,,,,,,,,,,,,
8,UPDATED_DATE,,TIMESTAMP,6,Y,วันเวลาที่แก้ไขข้อมูลล่าสุด,,,,,,,,,,,,,,,,,,,
9,ACCUSER_AGE,,NUMBER,"10,0",Y,อายุโจทก์,,,,,,,,,,,,,,,,,,,
10,ACCUSER_BIRTHDATE,,TIMESTAMP,6,Y,วันเดือนปีเกิดของโจทก์,,,,,,,,,,,,,,,,,,,
11,ACCUSER_EMAIL,,VARCHAR2,100 CHAR,Y,อีเมล์,,,,,,,,,,,,,,,,,,,
12,ACCUSER_LASTNAME,,VARCHAR2,100 CHAR,Y,นามสกุลโจทก์,,,,,,,,,,,,,,,,,,,
13,ACCUSER_LIT_TYPE_ID,,NUMBER,"10,0",Y,รหัสประเภทคู่ความ เชื่อมโยง PC_LOOKUP_LIT_TYPE,,,,,,,,,,,,,,,,,,,
14,ACCUSER_NAME,,VARCHAR2,100 CHAR,N,ชื่อโจทก์,,,,,,,,,,,,,,,,,,,
15,ACCUSER_NAME_TITLE,,NUMBER,"10,0",Y,รหัสคำนำหน้า เชื่อมโยง PC_LOOKUP_TITLE,,,,,,,,,,,,,,,,,,,
16,ACCUSER_NATIONAL_ID,,NUMBER,"10,0",Y,รหัสสัญชาติ เชื่อมโยง PC_LOOKUP_INTERS,,,,,,,,,,,,,,,,,,,
17,ACCUSER_NATIONAL_ID_CARD,,VARCHAR2,13 CHAR,Y,เลขบัตรประชาชนโจทก์ (max length = 13),,,,,,,,,,,,,,,,,,,
18,ACCUSER_OCCUPATION_ID,,NUMBER,"10,0",Y,รหัสอาชีพ เชื่อมโยง PC_LOOKUP_OCCUPATION,,,,,,,,,,,,,,,,,,,
19,ACCUSER_ORDER_NO,,NUMBER,"10,0",Y,ลำดัับโจท์,,,,,,,,,,,,,,,,,,,
20,ACCUSER_PERSONAL_TYPE_ID,,NUMBER,"10,0",Y,รหัสประเภทบุคคล เชื่อมโยง PC_LOOKUP_PERS_TYPE,,,,,,,,,,,,,,,,,,,
21,ACCUSER_RACE_ID,,NUMBER,"10,0",Y,รหัสเชื้อชาติชาติ เชื่อมโยง PC_LOOKUP_NATIONS,,,,,,,,,,,,,,,,,,,
22,ACCUSER_SEX_ID,,NUMBER,"10,0",Y,"ตัวเลือกเพศ ชาย/หญิง (ชาย : 1, หญิง : 2)",,,,,,,,,,,,,,,,,,,
23,ACCUSER_TEL,,VARCHAR2,20 CHAR,Y,เบอร์ติดต่อ,,,,,,,,,,,,,,,,,,,
24,INDICTMENT_ID,FK,NUMBER,"10,0",N,รหัสข้อมูลคำฟ้องตามแบบ เชื่อมโยง PC_LABOR_INDICTMENT,,,,,,,,,,,,,,,,,,,
,,,,,,,,,,,,,,,,,,,,,,,,,
PC_LABOR_INDICTMENT_ACCUSER_ADDRESS ตารางข้อมูลคำฟ้องตามแบบ รง.1 ส่วนที่อยู่โจทก์,,,,,,,,,,,,,,,,,,,,,,,,,
ลำดับ,ชื่อฟิลด์,คีย์,ชนิคข้อมูล,จำนวน,ค่าว่าง,คำอธิบาย,,,,,,,,,,,,,,,,,,,
1,ACCUSER_ADDRESS_ID,PK,NUMBER,"10,0",N,รหัสข้อมูลคำฟ้องตามแบบ (รง.1) ส่วนที่อยู่โจทก์ (AUTO INCREMENT),,,,,,,,,,,,,,,,,,,
2,CREATED_BY,,NUMBER,"38,0",N,รหัสผู้สร้างข้อมูล เชื่อมโยง PC_USER_PROFILE,,,,,,,,,,,,,,,,,,,
3,CREATED_DATE,,TIMESTAMP,6,N,วันเวลาที่สร้างข้อมูล,,,,,,,,,,,,,,,,,,,
4,UPDATED_BY,,NUMBER,"38,0",Y,รหัสผู้แก้ไขข้อมูลล่าสุด เชื่อมโยง PC_USER_PROFILE,,,,,,,,,,,,,,,,,,,
5,UPDATED_DATE,,TIMESTAMP,6,Y,วันเวลาที่แก้ไขข้อมูลล่าสุด,,,,,,,,,,,,,,,,,,,
6,REMOVED_BY,,NUMBER,"38,0",N,รหัสผู้ลบข้อมูล เชื่อมโยง PC_USER_PROFILE,,,,,,,,,,,,,,,,,,,
7,REMOVED_DATE,,TIMESTAMP,6,Y,วันเวลาที่ลบข้อมูล,,,,,,,,,,,,,,,,,,,
8,ORDER_NO,,FLOAT,,Y,ลำดับของข้อมูล,,,,,,,,,,,,,,,,,,,
9,ADDRESS_NO,,VARCHAR2,20 CHAR,Y,ที่อยู่เลขที่,,,,,,,,,,,,,,,,,,,
10,ADDRESS_TYPE_ID,,NUMBER,"10,0",Y,รหัสประเภทที่อยู่ เชื่อมโยง PC_LOOKUP_ADDRESS_TYPE,,,,,,,,,,,,,,,,,,,
11,COUNTRY_ID,,NUMBER,"10,0",Y,รหัสประเทศ เชื่อมโยง PC_LOOKUP_COUNTRY,,,,,,,,,,,,,,,,,,,
12,DISTRICT_ID,,NUMBER,"10,0",Y,รหัสเขต/อำเภอ เชื่อมโยง PC_LOOKUP_DISTRICT,,,,,,,,,,,,,,,,,,,
13,INDICTMENT_ACCUSER_ID,FK,NUMBER,"10,0",N,รหัสข้อมูลคำฟ้องตามแบบ ส่วนโจทก์ เชื่อมโยง PC_LABOR_INDICTMENT_ACCUSER,,,,,,,,,,,,,,,,,,,
14,MOO,,VARCHAR2,20 CHAR,Y,หมู่ที่,,,,,,,,,,,,,,,,,,,
15,PHONE_NUMBER,,VARCHAR2,20 CHAR,Y,เบอร์โทรศัพท์,,,,,,,,,,,,,,,,,,,
16,POST,,VARCHAR2,20 CHAR,Y,รหัสไปรษณีย์,,,,,,,,,,,,,,,,,,,
17,PROVINCE_ID,,NUMBER,"10,0",Y,รหัสจังหวัด เชื่อมโยง PC_LOOKUP_PROVINCE,,,,,,,,,,,,,,,,,,,
18,ROAD,,VARCHAR2,100 CHAR,Y,ถนน,,,,,,,,,,,,,,,,,,,
19,SOI,,VARCHAR2,100 CHAR,Y,ซอย,,,,,,,,,,,,,,,,,,,
20,SUB_DISTRICT_ID,,NUMBER,"10,0",Y,รหัสแขวง/ตำบล เชื่อมโยง PC_LOOKUP_SUB_DISTRICT,,,,,,,,,,,,,,,,,,,
,,,,,,,,,,,,,,,,,,,,,,,,,
PC_LABOR_INDICTMENT_DEFENDANT ตารางข้อมูลคำฟ้องตามแบบ ส่วนจำเลย รง.1,,,,,,,,,,,,,,,,,,,,,,,,,
ลำดับ,ชื่อฟิลด์,คีย์,ชนิคข้อมูล,จำนวน,ค่าว่าง,คำอธิบาย,,,,,,,,,,,,,,,,,,,
1,DEFENDANT_ID,PK,NUMBER,"10,0",N,รหัสข้อมูลคำฟ้องตามแบบ (รง.1) ส่วนจำเลย (AUTO INCREMENT),,,,,,,,,,,,,,,,,,,
2,INDICTMENT_ID,FK,NUMBER,"10,0",N,รหัสข้อมูลคำฟ้องตามแบบ เชื่อมโยง PC_LABOR_INDICTMENT,,,,,,,,,,,,,,,,,,,
3,CREATED_BY,,NUMBER,"38,0",N,รหัสผู้สร้างข้อมูล เชื่อมโยง PC_USER_PROFILE,,,,,,,,,,,,,,,,,,,
4,CREATED_DATE,,TIMESTAMP,6,N,วันเวลาที่สร้างข้อมูล,,,,,,,,,,,,,,,,,,,
5,UPDATED_BY,,NUMBER,"38,0",Y,รหัสผู้แก้ไขข้อมูลล่าสุด เชื่อมโยง PC_USER_PROFILE,,,,,,,,,,,,,,,,,,,
6,UPDATED_DATE,,TIMESTAMP,6,Y,วันเวลาที่แก้ไขข้อมูลล่าสุด,,,,,,,,,,,,,,,,,,,
7,REMOVED_BY,,NUMBER,"38,0",N,รหัสผู้ลบข้อมูล เชื่อมโยง PC_USER_PROFILE,,,,,,,,,,,,,,,,,,,
8,REMOVED_DATE,,TIMESTAMP,6,Y,วันเวลาที่ลบข้อมูล,,,,,,,,,,,,,,,,,,,
9,ORDER_NO,,FLOAT,,Y,ลำดับของข้อมูล,,,,,,,,,,,,,,,,,,,
10,DEFENDANT_AGE,,NUMBER,"10,0",Y,อายุจำเลย,,,,,,,,,,,,,,,,,,,
11,DEFENDANT_BIRTHDATE,,TIMESTAMP,6,Y,วันเดือนปีเกิดของจำเลย,,,,,,,,,,,,,,,,,,,
12,DEFENDANT_EMAIL,,VARCHAR2,100 CHAR,Y,อีเมล์,,,,,,,,,,,,,,,,,,,
13,DEFENDANT_LASTNAME,,VARCHAR2,100 CHAR,Y,นามสกุลจำเลย,,,,,,,,,,,,,,,,,,,
14,DEFENDANT_LIT_TYPE_ID,,NUMBER,"10,0",Y,รหัสประเภทคู่ความ เชื่อมโยง PC_LOOKUP_LIT_TYPE,,,,,,,,,,,,,,,,,,,
15,DEFENDANT_NAME,,VARCHAR2,100 CHAR,N,ชื่อจำเลย,,,,,,,,,,,,,,,,,,,
16,DEFENDANT_NAME_TITLE,,NUMBER,"10,0",Y,รหัสคำนำหน้า เชื่อมโยง PC_LOOKUP_TITLE,,,,,,,,,,,,,,,,,,,
17,DEFENDANT_NATIONAL_ID,,NUMBER,"10,0",Y,รหัสสัญชาติ เชื่อมโยง PC_LOOKUP_INTERS,,,,,,,,,,,,,,,,,,,
18,DEFENDANT_NATIONAL_ID_CARD,,VARCHAR2,13 CHAR,Y,เลขบัตรประชาชนจำเลย (max length = 13),,,,,,,,,,,,,,,,,,,
19,DEFENDANT_OCCUPATION_ID,,NUMBER,"10,0",Y,รหัสอาชีพ เชื่อมโยง PC_LOOKUP_OCCUPATION,,,,,,,,,,,,,,,,,,,
20,DEFENDANT_ORDER_NO,,NUMBER,"10,0",Y,ลำดับจำเลย,,,,,,,,,,,,,,,,,,,
21,DEFENDANT_PERSONAL_TYPE_ID,,NUMBER,"10,0",Y,รหัสประเภทบุคคล เชื่อมโยง PC_LOOKUP_PERS_TYPE,,,,,,,,,,,,,,,,,,,
22,DEFENDANT_RACE_ID,,NUMBER,"10,0",Y,รหัสเชื้อชาติชาติ เชื่อมโยง PC_LOOKUP_NATIONS,,,,,,,,,,,,,,,,,,,
23,DEFENDANT_SEX_ID,,NUMBER,"10,0",Y,"ตัวเลือกเพศ ชาย/หญิง (ชาย : 1, หญิง : 2)",,,,,,,,,,,,,,,,,,,
24,DEFENDANT_TEL,,VARCHAR2,20 CHAR,Y,เบอร์ติดต่อ,,,,,,,,,,,,,,,,,,,
,,,,,,,,,,,,,,,,,,,,,,,,,
PC_LABOR_INDICTMENT_DEFENDANT_ADDRESS ตารางข้อมูลคำฟ้องตามแบบ รง.1 ส่วนที่อยู่จำเลย,,,,,,,,,,,,,,,,,,,,,,,,,
ลำดับ,ชื่อฟิลด์,คีย์,ชนิคข้อมูล,จำนวน,ค่าว่าง,คำอธิบาย,,,,,,,,,,,,,,,,,,,
1,DEFENDANT_ADDRESS_ID,PK,NUMBER,"10,0",N,รหัสข้อมูลคำฟ้องตามแบบ (รง.1) ส่วนที่อยู่จำเลย (AUTO INCREMENT),,,,,,,,,,,,,,,,,,,
2,CREATED_BY,,NUMBER,"38,0",N,รหัสผู้สร้างข้อมูล เชื่อมโยง PC_USER_PROFILE,,,,,,,,,,,,,,,,,,,
3,CREATED_DATE,,TIMESTAMP,6,N,วันเวลาที่สร้างข้อมูล,,,,,,,,,,,,,,,,,,,
4,UPDATED_BY,,NUMBER,"38,0",Y,รหัสผู้แก้ไขข้อมูลล่าสุด เชื่อมโยง PC_USER_PROFILE,,,,,,,,,,,,,,,,,,,
5,UPDATED_DATE,,TIMESTAMP,6,Y,วันเวลาที่แก้ไขข้อมูลล่าสุด,,,,,,,,,,,,,,,,,,,
6,REMOVED_BY,,NUMBER,"38,0",N,รหัสผู้ลบข้อมูล เชื่อมโยง PC_USER_PROFILE,,,,,,,,,,,,,,,,,,,
7,REMOVED_DATE,,TIMESTAMP,6,Y,วันเวลาที่ลบข้อมูล,,,,,,,,,,,,,,,,,,,
8,ORDER_NO,,FLOAT,,Y,ลำดับของข้อมูล,,,,,,,,,,,,,,,,,,,
9,ADDRESS_NO,,VARCHAR2,20 CHAR,Y,ที่อยู่เลขที่,,,,,,,,,,,,,,,,,,,
10,ADDRESS_TYPE_ID,,NUMBER,"10,0",Y,รหัสประเภทที่อยู่ เชื่อมโยง PC_LOOKUP_ADDRESS_TYPE,,,,,,,,,,,,,,,,,,,
11,COUNTRY_ID,,NUMBER,"10,0",Y,รหัสประเทศ เชื่อมโยง PC_LOOKUP_COUNTRY,,,,,,,,,,,,,,,,,,,
12,DISTRICT_ID,,NUMBER,"10,0",Y,รหัสเขต/อำเภอ เชื่อมโยง PC_LOOKUP_DISTRICT,,,,,,,,,,,,,,,,,,,
13,INDICTMENT_DEFENDANT_ID,FK,NUMBER,"10,0",N,รหัสข้อมูลคำฟ้องตามแบบ ส่วนจำเลย เชื่อมโยง PC_LABOR_INDICTMENT_DEFENDANT,,,,,,,,,,,,,,,,,,,
14,MOO,,VARCHAR2,20 CHAR,Y,หมู่ที่,,,,,,,,,,,,,,,,,,,
15,PHONE_NUMBER,,VARCHAR2,20 CHAR,Y,เบอร์โทรศัพท์,,,,,,,,,,,,,,,,,,,
16,POST,,VARCHAR2,20 CHAR,Y,รหัสไปรษณีย์,,,,,,,,,,,,,,,,,,,
17,PROVINCE_ID,,NUMBER,"10,0",Y,รหัสจังหวัด เชื่อมโยง PC_LOOKUP_PROVINCE,,,,,,,,,,,,,,,,,,,
18,ROAD,,VARCHAR2,100 CHAR,Y,ถนน,,,,,,,,,,,,,,,,,,,
19,SOI,,VARCHAR2,100 CHAR,Y,ซอย,,,,,,,,,,,,,,,,,,,
20,SUB_DISTRICT_ID,,NUMBER,"10,0",Y,รหัสแขวง/ตำบล เชื่อมโยง PC_LOOKUP_SUB_DISTRICT,,,,,,,,,,,,,,,,,,,
,,,,,,,,,,,,,,,,,,,,,,,,,
PC_LABOR_CASE ตารางข้อมูลระบบบันทึกคดีแรงงาน (รง.4),,,,,,,,,,,,,,,,,,,,,,,,,
ลำดับ,ชื่อฟิลด์,คีย์,ชนิคข้อมูล,จำนวน,ค่าว่าง,คำอธิบาย,,,,,,,,,,,,,,,,,,,
1,LABOR_CASE_ID,PK,NUMBER,"10,0",N,รหัสข้อมูลระบบบันทึกคดีแรงงาน รง.4 (AUTO INCREMENT),,,,,,,,,,,,,,,,,,,
2,COURT_ID,,NUMBER,"10,0",N,รหัสศาล เชื่อมโยงตาราง PC_LOOKUP_COURT,,,,,,,,,,,,,,,,,,,
3,CASE_ID,,NUMBER,"10,0",N,รหัสคดี เชื่อมโยงตาราง PC_CASE,,,,,,,,,,,,,,,,,,,
4,CREATED_BY,,NUMBER,"38,0",N,รหัสผู้สร้างข้อมูล เชื่อมโยง PC_USER_PROFILE,,,,,,,,,,,,,,,,,,,
5,CREATED_DATE,,TIMESTAMP,6,N,วันเวลาที่สร้างข้อมูล,,,,,,,,,,,,,,,,,,,
6,UPDATED_BY,,NUMBER,"38,0",Y,รหัสผู้แก้ไขข้อมูลล่าสุด เชื่อมโยง PC_USER_PROFILE,,,,,,,,,,,,,,,,,,,
7,UPDATED_DATE,,TIMESTAMP,6,Y,วันเวลาที่แก้ไขข้อมูลล่าสุด,,,,,,,,,,,,,,,,,,,
8,REMOVED_BY,,NUMBER,"38,0",N,รหัสผู้ลบข้อมูล เชื่อมโยง PC_USER_PROFILE,,,,,,,,,,,,,,,,,,,
9,REMOVED_DATE,,TIMESTAMP,6,Y,วันเวลาที่ลบข้อมูล,,,,,,,,,,,,,,,,,,,
10,ORDER_NO,,FLOAT,,Y,ลำดับของข้อมูล,,,,,,,,,,,,,,,,,,,
11,CHECK_SEND_STATUS,,NUMBER,"38,0",Y,ตรวจสอบสถานะการจ่ายหมาย,,,,,,,,,,,,,,,,,,,
12,IS_NOTICE_PROVINCIAL,,NUMBER,"38,0",N,เป็นหมายต่างจังหวัดหรือไม่,,,,,,,,,,,,,,,,,,,
13,JUDGE_ID,,NUMBER,"10,0",N,รหัสผู้พิพากษา เชื่อมโยง PC_LOOKUP_JUDGE,,,,,,,,,,,,,,,,,,,
14,NOTICE_PROVINCIAL_ID,,NUMBER,"10,0",Y,รหัสหมายต่างจังหวัด PC_NOTICE_PROVINCIAL,,,,,,,,,,,,,,,,,,,
15,NOTICE_SEND_STATUS,,NUMBER,"38,0",Y,สถานะการจ่ายหมาย,,,,,,,,,,,,,,,,,,,
16,RELEASE_DATE,,TIMESTAMP,6,Y,วันที่ปลดหมาย,,,,,,,,,,,,,,,,,,,
17,SEND_BY,,NUMBER,"10,0",Y,รหัสผู้เดินหมาย เชื่อมโยง PC_USER_PROFILE,,,,,,,,,,,,,,,,,,,
18,SEND_DATE,,TIMESTAMP,6,Y,วันที่ส่งหมาย,,,,,,,,,,,,,,,,,,,
19,SEND_FEE,,FLOAT,,Y,ค่าส่งหมาย,,,,,,,,,,,,,,,,,,,
20,SEND_METHOD,,NUMBER,"10,0",Y,"วิธีการส่งหมาย 1 = ไปรษณีย์, 2 = เจ้าหน้าที่",,,,,,,,,,,,,,,,,,,
,,,,,,,,,,,,,,,,,,,,,,,,,
PC_LABOR_CASE_ACCUSER_ADDRESS ตารางข้อมูลระบบบันทึกคดีแรงงาน (รง.4) ส่วนที่อยู่โจทก์,,,,,,,,,,,,,,,,,,,,,,,,,
ลำดับ,ชื่อฟิลด์,คีย์,ชนิคข้อมูล,จำนวน,ค่าว่าง,คำอธิบาย,,,,,,,,,,,,,,,,,,,
1,ACCUSER_ADDRESS_ID,PK,NUMBER,"10,0",N,รหัสระบบบันทึกคดีแรงงาน รง. 4 ส่วนที่อยู่โจทก์ (AUTO INCREMENT),,,,,,,,,,,,,,,,,,,
2,CREATED_BY,,NUMBER,"38,0",N,รหัสผู้สร้างข้อมูล เชื่อมโยง PC_USER_PROFILE,,,,,,,,,,,,,,,,,,,
3,CREATED_DATE,,TIMESTAMP,6,N,วันเวลาที่สร้างข้อมูล,,,,,,,,,,,,,,,,,,,
4,UPDATED_BY,,NUMBER,"38,0",Y,รหัสผู้แก้ไขข้อมูลล่าสุด เชื่อมโยง PC_USER_PROFILE,,,,,,,,,,,,,,,,,,,
5,UPDATED_DATE,,TIMESTAMP,6,Y,วันเวลาที่แก้ไขข้อมูลล่าสุด,,,,,,,,,,,,,,,,,,,
6,REMOVED_BY,,NUMBER,"38,0",N,รหัสผู้ลบข้อมูล เชื่อมโยง PC_USER_PROFILE,,,,,,,,,,,,,,,,,,,
7,REMOVED_DATE,,TIMESTAMP,6,Y,วันเวลาที่ลบข้อมูล,,,,,,,,,,,,,,,,,,,
8,ORDER_NO,,FLOAT,,Y,ลำดับของข้อมูล,,,,,,,,,,,,,,,,,,,
9,ADDRESS_NO,,VARCHAR2,20 CHAR,Y,ที่อยู่เลขที่,,,,,,,,,,,,,,,,,,,
10,ADDRESS_TYPE_ID,,NUMBER,"10,0",Y,รหัสประเภทที่อยู่ เชื่อมโยง PC_LOOKUP_ADDRESS_TYPE,,,,,,,,,,,,,,,,,,,
11,COUNTRY_ID,,NUMBER,"10,0",Y,รหัสประเทศ เชื่อมโยง PC_LOOKUP_COUNTRY,,,,,,,,,,,,,,,,,,,
12,DISTRICT_ID,,NUMBER,"10,0",Y,รหัสเขต/อำเภอ เชื่อมโยง PC_LOOKUP_DISTRICT,,,,,,,,,,,,,,,,,,,
13,LABOR_CASE_ACCUSER_ID,FK,NUMBER,"10,0",N,รหัสระบบบันทึกคดีแรงงาน รง.4 ส่วนโจทก์ เชื่อมโยง PC_LABOR_CASE_ACCUSER,,,,,,,,,,,,,,,,,,,
14,MOO,,VARCHAR2,20 CHAR,Y,หมู่ที่,,,,,,,,,,,,,,,,,,,
15,PHONE_NUMBER,,VARCHAR2,20 CHAR,Y,เบอร์โทรศัพท์,,,,,,,,,,,,,,,,,,,
16,POST,,VARCHAR2,20 CHAR,Y,รหัสไปรษณีย์,,,,,,,,,,,,,,,,,,,
17,PROVINCE_ID,,NUMBER,"10,0",Y,รหัสจังหวัด เชื่อมโยง PC_LOOKUP_PROVINCE,,,,,,,,,,,,,,,,,,,
18,ROAD,,VARCHAR2,100 CHAR,Y,ถนน,,,,,,,,,,,,,,,,,,,
19,SOI,,VARCHAR2,100 CHAR,Y,ซอย,,,,,,,,,,,,,,,,,,,
20,SUB_DISTRICT_ID,,NUMBER,"10,0",Y,รหัสแขวง/ตำบล เชื่อมโยง PC_LOOKUP_SUB_DISTRICT,,,,,,,,,,,,,,,,,,,
,,,,,,,,,,,,,,,,,,,,,,,,,
PC_LABOR_CASE_DEFENDANT_ADDRESS ตารางข้อมูลระบบบันทึกคดีแรงงาน (รง.4) ส่วนที่อยู่จำเลย,,,,,,,,,,,,,,,,,,,,,,,,,
ลำดับ,ชื่อฟิลด์,คีย์,ชนิคข้อมูล,จำนวน,ค่าว่าง,คำอธิบาย,,,,,,,,,,,,,,,,,,,
1,DEFENDANT_ADDRESS_ID,PK,NUMBER,"10,0",N,รหัสระบบบันทึกคดีแรงงาน รง. 4 ส่วนที่อยู่จำเลย (AUTO INCREMENT),,,,,,,,,,,,,,,,,,,
2,CREATED_BY,,NUMBER,"38,0",N,รหัสผู้สร้างข้อมูล เชื่อมโยง PC_USER_PROFILE,,,,,,,,,,,,,,,,,,,
3,CREATED_DATE,,TIMESTAMP,6,N,วันเวลาที่สร้างข้อมูล,,,,,,,,,,,,,,,,,,,
4,UPDATED_BY,,NUMBER,"38,0",Y,รหัสผู้แก้ไขข้อมูลล่าสุด เชื่อมโยง PC_USER_PROFILE,,,,,,,,,,,,,,,,,,,
5,UPDATED_DATE,,TIMESTAMP,6,Y,วันเวลาที่แก้ไขข้อมูลล่าสุด,,,,,,,,,,,,,,,,,,,
6,REMOVED_BY,,NUMBER,"38,0",N,รหัสผู้ลบข้อมูล เชื่อมโยง PC_USER_PROFILE,,,,,,,,,,,,,,,,,,,
7,REMOVED_DATE,,TIMESTAMP,6,Y,วันเวลาที่ลบข้อมูล,,,,,,,,,,,,,,,,,,,
8,ORDER_NO,,FLOAT,,Y,ลำดับของข้อมูล,,,,,,,,,,,,,,,,,,,
9,ADDRESS_NO,,VARCHAR2,20 CHAR,Y,ที่อยู่เลขที่,,,,,,,,,,,,,,,,,,,
10,ADDRESS_TYPE_ID,,NUMBER,"10,0",Y,รหัสประเภทที่อยู่ เชื่อมโยง PC_LOOKUP_ADDRESS_TYPE,,,,,,,,,,,,,,,,,,,
11,COUNTRY_ID,,NUMBER,"10,0",Y,รหัสประเทศ เชื่อมโยง PC_LOOKUP_COUNTRY,,,,,,,,,,,,,,,,,,,
12,DISTRICT_ID,,NUMBER,"10,0",Y,รหัสเขต/อำเภอ เชื่อมโยง PC_LOOKUP_DISTRICT,,,,,,,,,,,,,,,,,,,
13,LABOR_CASE_DEFENDANT_ID,FK,NUMBER,"10,0",N,รหัสระบบบันทึกคดีแรงงาน รง.4 ส่วนจำเลย เชื่อมโยง PC_LABOR_CASE_DEFENDANT,,,,,,,,,,,,,,,,,,,
14,MOO,,VARCHAR2,20 CHAR,Y,หมู่ที่,,,,,,,,,,,,,,,,,,,
15,PHONE_NUMBER,,VARCHAR2,20 CHAR,Y,เบอร์โทรศัพท์,,,,,,,,,,,,,,,,,,,
16,POST,,VARCHAR2,20 CHAR,Y,รหัสไปรษณีย์,,,,,,,,,,,,,,,,,,,
17,PROVINCE_ID,,NUMBER,"10,0",Y,รหัสจังหวัด เชื่อมโยง PC_LOOKUP_PROVINCE,,,,,,,,,,,,,,,,,,,
18,ROAD,,VARCHAR2,100 CHAR,Y,ถนน,,,,,,,,,,,,,,,,,,,
19,SOI,,VARCHAR2,100 CHAR,Y,ซอย,,,,,,,,,,,,,,,,,,,
20,SUB_DISTRICT_ID,,NUMBER,"10,0",Y,รหัสแขวง/ตำบล เชื่อมโยง PC_LOOKUP_SUB_DISTRICT,,,,,,,,,,,,,,,,,,,
,,,,,,,,,,,,,,,,,,,,,,,,,
PC_LABOR_CASE_ACCUSER ตารางข้อมูลระบบบันทึกคดีแรงงาน (รง.4) ส่วนโจทก์,,,,,,,,,,,,,,,,,,,,,,,,,
ลำดับ,ชื่อฟิลด์,คีย์,ชนิคข้อมูล,จำนวน,ค่าว่าง,คำอธิบาย,,,,,,,,,,,,,,,,,,,
1,ACCUSER_ID,PK,NUMBER,"10,0",N,รหัสข้อมูลระบบบันทึกคดีแรงงาน (รง.4) ส่วนโจทก์ (AUTO INCREMENT),,,,,,,,,,,,,,,,,,,
2,LABOR_CASE_ID,FK,NUMBER,"10,0",N,รหัสระบบบันทึกคดีแรงงาน (รง.4) เชื่อมโยง PC_LABOR_CASE,,,,,,,,,,,,,,,,,,,
3,CREATED_BY,,NUMBER,"38,0",N,รหัสผู้สร้างข้อมูล เชื่อมโยง PC_USER_PROFILE,,,,,,,,,,,,,,,,,,,
4,CREATED_DATE,,TIMESTAMP,6,N,วันเวลาที่สร้างข้อมูล,,,,,,,,,,,,,,,,,,,
5,ORDER_NO,,FLOAT,,Y,ลำดับของข้อมูล,,,,,,,,,,,,,,,,,,,
6,REMOVED_BY,,NUMBER,"38,0",N,รหัสผู้ลบข้อมูล เชื่อมโยง PC_USER_PROFILE,,,,,,,,,,,,,,,,,,,
7,REMOVED_DATE,,TIMESTAMP,6,Y,วันเวลาที่ลบข้อมูล,,,,,,,,,,,,,,,,,,,
8,UPDATED_BY,,NUMBER,"38,0",Y,รหัสผู้แก้ไขข้อมูลล่าสุด เชื่อมโยง PC_USER_PROFILE,,,,,,,,,,,,,,,,,,,
9,UPDATED_DATE,,TIMESTAMP,6,Y,วันเวลาที่แก้ไขข้อมูลล่าสุด,,,,,,,,,,,,,,,,,,,
10,ACCUSER_AGE,,NUMBER,"10,0",Y,อายุโจทก์,,,,,,,,,,,,,,,,,,,
11,ACCUSER_BIRTHDATE,,TIMESTAMP,6,Y,วันเดือนปีเกิดของโจทก์,,,,,,,,,,,,,,,,,,,
12,ACCUSER_EMAIL,,VARCHAR2,100 CHAR,Y,อีเมล์,,,,,,,,,,,,,,,,,,,
13,ACCUSER_LASTNAME,,VARCHAR2,100 CHAR,Y,นามสกุลโจทก์,,,,,,,,,,,,,,,,,,,
14,ACCUSER_LIT_TYPE_ID,,NUMBER,"10,0",Y,รหัสประเภทคู่ความ เชื่อมโยง PC_LOOKUP_LIT_TYPE,,,,,,,,,,,,,,,,,,,
15,ACCUSER_NAME,,VARCHAR2,100 CHAR,N,ชื่อโจทก์,,,,,,,,,,,,,,,,,,,
16,ACCUSER_NAME_TITLE,,NUMBER,"10,0",Y,รหัสคำนำหน้า เชื่อมโยง PC_LOOKUP_TITLE,,,,,,,,,,,,,,,,,,,
17,ACCUSER_NATIONAL_ID,,NUMBER,"10,0",Y,รหัสสัญชาติ เชื่อมโยง PC_LOOKUP_INTERS,,,,,,,,,,,,,,,,,,,
18,ACCUSER_NATIONAL_ID_CARD,,VARCHAR2,13 CHAR,Y,เลขบัตรประชาชนโจทก์ (max length = 13),,,,,,,,,,,,,,,,,,,
19,ACCUSER_OCCUPATION_ID,,NUMBER,"10,0",Y,รหัสอาชีพ เชื่อมโยง PC_LOOKUP_OCCUPATION,,,,,,,,,,,,,,,,,,,
20,ACCUSER_ORDER_NO,,NUMBER,"10,0",Y,ลำดัับโจท์,,,,,,,,,,,,,,,,,,,
21,ACCUSER_PERSONAL_TYPE_ID,,NUMBER,"10,0",Y,รหัสประเภทบุคคล เชื่อมโยง PC_LOOKUP_PERS_TYPE,,,,,,,,,,,,,,,,,,,
22,ACCUSER_RACE_ID,,NUMBER,"10,0",Y,รหัสเชื้อชาติชาติ เชื่อมโยง PC_LOOKUP_NATIONS,,,,,,,,,,,,,,,,,,,
23,ACCUSER_SEX_ID,,NUMBER,"10,0",Y,"ตัวเลือกเพศ ชาย/หญิง (ชาย : 1, หญิง : 2)",,,,,,,,,,,,,,,,,,,
24,ACCUSER_TEL,,VARCHAR2,20 CHAR,Y,เบอร์ติดต่อ,,,,,,,,,,,,,,,,,,,
,,,,,,,,,,,,,,,,,,,,,,,,,
PC_LABOR_CASE_DEFENDANT ตารางข้อมูลระบบบันทึกคดีแรงงาน (รง.4) ส่วนจำเลย,,,,,,,,,,,,,,,,,,,,,,,,,
ลำดับ,ชื่อฟิลด์,คีย์,ชนิคข้อมูล,จำนวน,ค่าว่าง,คำอธิบาย,,,,,,,,,,,,,,,,,,,
1,DEFENDANT_ID,PK,NUMBER,"10,0",N,รหัสข้อมูลระบบบันทึกคดีแรงงาน (รง.4) ส่วนจำเลย (AUTO INCREMENT),,,,,,,,,,,,,,,,,,,
2,LABOR_CASE_ID,FK,NUMBER,"10,0",N,รหัสระบบบันทึกคดีแรงงาน (รง.4) เชื่อมโยง PC_LABOR_CASE,,,,,,,,,,,,,,,,,,,
3,CREATED_BY,,NUMBER,"38,0",N,รหัสผู้สร้างข้อมูล เชื่อมโยง PC_USER_PROFILE,,,,,,,,,,,,,,,,,,,
4,CREATED_DATE,,TIMESTAMP,6,N,วันเวลาที่สร้างข้อมูล,,,,,,,,,,,,,,,,,,,
5,UPDATED_BY,,NUMBER,"38,0",Y,รหัสผู้แก้ไขข้อมูลล่าสุด เชื่อมโยง PC_USER_PROFILE,,,,,,,,,,,,,,,,,,,
6,UPDATED_DATE,,TIMESTAMP,6,Y,วันเวลาที่แก้ไขข้อมูลล่าสุด,,,,,,,,,,,,,,,,,,,
7,REMOVED_BY,,NUMBER,"38,0",N,รหัสผู้ลบข้อมูล เชื่อมโยง PC_USER_PROFILE,,,,,,,,,,,,,,,,,,,
8,REMOVED_DATE,,TIMESTAMP,6,Y,วันเวลาที่ลบข้อมูล,,,,,,,,,,,,,,,,,,,
9,ORDER_NO,,FLOAT,,Y,ลำดับของข้อมูล,,,,,,,,,,,,,,,,,,,
10,DEFENDANT_AGE,,NUMBER,"10,0",Y,อายุจำเลย,,,,,,,,,,,,,,,,,,,
11,DEFENDANT_BIRTHDATE,,TIMESTAMP,6,Y,วันเดือนปีเกิดของจำเลย,,,,,,,,,,,,,,,,,,,
12,DEFENDANT_EMAIL,,VARCHAR2,100 CHAR,Y,อีเมล์,,,,,,,,,,,,,,,,,,,
13,DEFENDANT_LASTNAME,,VARCHAR2,100 CHAR,Y,นามสกุลจำเลย,,,,,,,,,,,,,,,,,,,
14,DEFENDANT_LIT_TYPE_ID,,NUMBER,"10,0",Y,รหัสประเภทคู่ความ เชื่อมโยง PC_LOOKUP_LIT_TYPE,,,,,,,,,,,,,,,,,,,
15,DEFENDANT_NAME,,VARCHAR2,100 CHAR,N,ชื่อจำเลย,,,,,,,,,,,,,,,,,,,
16,DEFENDANT_NAME_TITLE,,NUMBER,"10,0",Y,รหัสคำนำหน้า เชื่อมโยง PC_LOOKUP_TITLE,,,,,,,,,,,,,,,,,,,
17,DEFENDANT_NATIONAL_ID,,NUMBER,"10,0",Y,รหัสสัญชาติ เชื่อมโยง PC_LOOKUP_INTERS,,,,,,,,,,,,,,,,,,,
18,DEFENDANT_NATIONAL_ID_CARD,,VARCHAR2,13 CHAR,Y,เลขบัตรประชาชนจำเลย (max length = 13),,,,,,,,,,,,,,,,,,,
19,DEFENDANT_OCCUPATION_ID,,NUMBER,"10,0",Y,รหัสอาชีพ เชื่อมโยง PC_LOOKUP_OCCUPATION,,,,,,,,,,,,,,,,,,,
20,DEFENDANT_ORDER_NO,,NUMBER,"10,0",Y,ลำดับจำเลย,,,,,,,,,,,,,,,,,,,
21,DEFENDANT_PERSONAL_TYPE_ID,,NUMBER,"10,0",Y,รหัสประเภทบุคคล เชื่อมโยง PC_LOOKUP_PERS_TYPE,,,,,,,,,,,,,,,,,,,
22,DEFENDANT_RACE_ID,,NUMBER,"10,0",Y,รหัสเชื้อชาติชาติ เชื่อมโยง PC_LOOKUP_NATIONS,,,,,,,,,,,,,,,,,,,
23,DEFENDANT_SEX_ID,,NUMBER,"10,0",Y,"ตัวเลือกเพศ ชาย/หญิง (ชาย : 1, หญิง : 2)",,,,,,,,,,,,,,,,,,,
24,DEFENDANT_TEL,,VARCHAR2,20 CHAR,Y,เบอร์ติดต่อ,,,,,,,,,,,,,,,,,,,
,,,,,,,,,,,,,,,,,,,,,,,,,
PC_LABOR_CASE_APPOINT ตารางข้อมูลระบบบันทึกคดีแรงงาน (รง.4) ส่วนวันนัด,,,,,,,,,,,,,,,,,,,,,,,,,
ลำดับ,ชื่อฟิลด์,คีย์,ชนิคข้อมูล,จำนวน,ค่าว่าง,คำอธิบาย,,,,,,,,,,,,,,,,,,,
1,LABOR_CASE_APPOINT_ID,PK,NUMBER,"10,0",N,รหัสระบบบันทึกคดีแรงงาน รง. 4 ส่วนวันนัด (AUTO INCREMENT),,,,,,,,,,,,,,,,,,,
2,CREATED_BY,,NUMBER,"38,0",N,รหัสผู้สร้างข้อมูล เชื่อมโยง PC_USER_PROFILE,,,,,,,,,,,,,,,,,,,
3,CREATED_DATE,,TIMESTAMP,6,N,วันเวลาที่สร้างข้อมูล,,,,,,,,,,,,,,,,,,,
4,UPDATED_BY,,NUMBER,"38,0",Y,รหัสผู้แก้ไขข้อมูลล่าสุด เชื่อมโยง PC_USER_PROFILE,,,,,,,,,,,,,,,,,,,
5,UPDATED_DATE,,TIMESTAMP,6,Y,วันเวลาที่แก้ไขข้อมูลล่าสุด,,,,,,,,,,,,,,,,,,,
6,REMOVED_BY,,NUMBER,"38,0",N,รหัสผู้ลบข้อมูล เชื่อมโยง PC_USER_PROFILE,,,,,,,,,,,,,,,,,,,
7,REMOVED_DATE,,TIMESTAMP,6,Y,วันเวลาที่ลบข้อมูล,,,,,,,,,,,,,,,,,,,
8,ORDER_NO,,FLOAT,,N,ลำดับของข้อมูล,,,,,,,,,,,,,,,,,,,
9,APPOINT_REASON_ID,,NUMBER,"10,0",Y,รหัสสาเหตุที่นัด เชื่อมโยง PC_LOOKUP_APPOINT_REASON,,,,,,,,,,,,,,,,,,,
10,LABOR_CASE_APPOINT_DATE,,TIMESTAMP,6,Y,วันที่นัด,,,,,,,,,,,,,,,,,,,
11,LABOR_CASE_APPOINT_TIME,,VARCHAR2,255 CHAR,Y,เวลาที่นัด,,,,,,,,,,,,,,,,,,,
12,LABOR_CASE_ID,FK,NUMBER,"10,0",N,รหัสระบบบันทึกคดีแรงงาน (รง.4) เชื่อมโยง PC_LABOR_CASE,,,,,,,,,,,,,,,,,,,
